Time,ID,LAT,LON,ALT,#WIFI NETWORKS,SSID1,MAC1,SIGNAL1,FREQUENCY1,SSID2,MAC2,SIGNAL2,FREQUENCY2,SSID3,MAC3,SIGNAL3,FREQUENCY3,SSID4,MAC4,SIGNAL4,FREQUENCY4,SSID5,MAC5,SIGNAL5,FREQUENCY5,SSID6,MAC6,SIGNAL6,FREQUENCY6,SSID7,MAC7,SIGNAL7,FREQUENCY7,SSID8,MAC8,SIGNAL8,FREQUENCY8,SSID9,MAC9,SIGNAL9,FREQUENCY9,SSID10,MAC10,SIGNAL10,FREQUENCY10,
2017-12-3T8:37:10Z,SM-G950F,32.10253330333696,35.20726399020641,699.287760530489,6,afikim-wifi,00:1a:dd:e3:06:e4,-78,1, AUC_51_3,00:27:19:e3:2d:fe,-86,1, AUC_54_R,00:25:86:cc:00:f8,-86,5, surikat,14:ae:db:32:52:12,-89,6, Ariel_University,1c:b9:c4:16:f1:98,-90,11, afikim-wifi,34:0b:01:19:21:42,-91,7
2017-12-3T8:37:13Z,SM-G950F,32.102528187003614,35.20734570155965,700.1622738859833,13,afikim-wifi,00:1a:dd:e3:06:e4,-53,1, Moria,d8:fe:e3:03:5a:31,-78,6, Lidor a,a0:4f:d4:3b:e9:01,-84,6, tanya,14:ae:db:3a:64:05,-86,1, Hagar,10:be:f5:3b:68:2c,-87,11, Ariel_University,1c:b9:c4:16:f4:7c,-87,36, Ariel_University,ec:8c:a2:08:a9:38,-88,6, Yan,00:21:04:4c:2a:a2,-89,6, Cellcom-WiFi_0123,a0:4f:d4:3a:a0:e1,-89,11, Ariel_University,ec:8c:a2:08:94:1c,-89,44
2017-12-3T8:37:15Z,SM-G950F,32.10251814263996,35.20734901460898,698.9056862429085,10,Ariel_University,ec:8c:a2:08:94:18,-76,1, Sveta,d0:0f:6d:f1:35:2f,-85,4, ear,a0:ab:1b:59:55:54,-85,1, Knoch,b0:48:7a:a1:80:8c,-86,4, LARISA,10:be:f5:39:8f:f2,-86,3, netbox-550b,00:12:2a:39:2c:3c,-86,1, Home,10:be:f5:a7:b4:f4,-87,7, ,1c:b9:c4:96:f1:97,-88,60, Ariel_University,ec:8c:a2:08:78:cc,-89,48, Ariel_University,1c:b9:c4:16:d2:88,-92,11
2017-12-3T8:37:18Z,SM-G950F,32.10251581558651,35.207339181669674,697.993173771496,4,BEZEQINT-8831,14:ae:db:43:88:35,-85,6, Ariel_University,ec:8c:a2:09:03:38,-85,1, Ariel_University,1c:b9:c4:14:33:c8,-90,11, ,1c:b9:c4:96:28:f7,-91,36
2017-12-3T8:37:21Z,SM-G950F,32.102520962117886,35.207318657702054,696.8261810224474,3,Ariel_University,ec:8c:a2:08:94:1c,-84,44, ,1c:b9:c4:96:f4:77,-85,36, ,ec:8c:a2:88:94:17,-86,44
2017-12-3T8:37:24Z,SM-G950F,32.10251743683182,35.2073387273908,695.5775665899107,2,victoria,00:8c:54:90:ce:d1,-89,11, Ariel_University,ec:8c:a2:08:78:c8,-89,6
2017-12-3T8:37:27Z,SM-G950F,32.102458386443125,35.20743113335047,694.8881937656644,4,BezeqFree,06:ae:db:3a:64:05,-84,1, Ariel_University,1c:b9:c4:14:33:cc,-89,48, Mama,14:ae:db:cb:05:f5,-90,11, SGH-I337M,ec:9b:f3:26:ab:3a,-92,6
2017-12-3T8:37:30Z,SM-G950F,32.10246378160256,35.207563401001366,694.129943277534,1,Hoom_2.4,80:37:73:d7:ab:3a,-88,1
2017-12-3T8:37:33Z,SM-G950F,32.10258798763252,35.20759021123835,693.1085203108703,5,,ec:8c:a2:89:03:37,-77,44, Ariel_University,ec:8c:a2:09:03:3c,-77,44, Ariel_University,1c:b9:c4:16:f4:7c,-81,36, Ariel_University,1c:b9:c4:16:d2:8c,-88,44, __ery,14:ae:db:58:0d:6d,-91,11
2017-12-3T8:37:36Z,SM-G950F,32.10263460161589,35.20757686137406,692.0341048029707,3,Ariel_University,ec:8c:a2:09:03:38,-77,1, bezek freeee,cc:fa:00:ae:93:46,-86,6, vladimir,00:0e:f4:c1:50:14,-92,11
2017-12-3T8:37:39Z,SM-G950F,32.10273178324407,35.207577232080226,691.339489932552,2,Ariel_University,ec:8c:a2:08:a9:3c,-90,36, Ariel_University,1c:b9:c4:16:28:f8,-91,6
2017-12-3T8:37:42Z,SM-G950F,32.102861507686676,35.2076291986019,691.1036071541976,3,HOTFiber-3C40,a4:08:f5:20:72:6a,-87,1, Ariel_University,ec:8c:a2:08:77:48,-88,6, Biren2809,14:ae:db:cf:86:f5,-91,11
2017-12-3T8:37:45Z,SM-G950F,32.10297429619621,35.20769754582129,690.9460551220589,5,Ariel_University,1c:b9:c4:16:f4:78,-78,1, SGH-I337M,ec:9b:f3:26:ab:3a,-79,6, Ariel_University,ec:8c:a2:08:a9:38,-81,6, ,1c:b9:c4:96:d2:87,-89,44, Ariel_University,ec:8c:a2:09:93:b8,-90,11
2017-12-3T8:37:49Z,SM-G950F,32.10309345225589,35.20773997080285,690.9058112860603,2,Ariel_University,ec:8c:a2:08:a9:3c,-75,36, Ariel_University,ec:8c:a2:08:7a:1c,-89,44
2017-12-3T8:37:52Z,SM-G950F,32.10317578496331,35.2077533608269,690.8658803245012,5,Ariel_University,ec:8c:a2:09:03:38,-71,1, Ariel_University,ec:8c:a2:08:a9:28,-87,11, Ariel_University,ec:8c:a2:09:0c:cc,-88,44, Ariel_University,ec:8c:a2:08:78:3c,-89,40, Ariel_University,ec:8c:a2:08:a9:2c,-91,44
2017-12-3T8:37:55Z,SM-G950F,32.103254567862166,35.20776621667453,690.8153989055744,6,Ariel_University,ec:8c:a2:08:7a:1c,-79,44, Ariel_University,ec:8c:a2:09:0c:cc,-80,44, ,ec:8c:a2:88:a9:27,-81,44, ,ec:8c:a2:88:a9:37,-81,36, Ariel_University,ec:8c:a2:26:ae:28,-88,11, richman,a0:4f:d4:46:a9:e1,-92,11
2017-12-3T8:37:58Z,SM-G950F,32.103323385092075,35.20778662747971,690.7687922307229,9,Ariel_University,ec:8c:a2:08:7a:1c,-71,44, ,ec:8c:a2:88:7a:17,-71,44, Ariel_University,ec:8c:a2:08:7a:18,-71,1, Ariel_University,ec:8c:a2:08:a9:28,-79,11, Ariel_University,ec:8c:a2:08:78:38,-81,1, Ariel_University,ec:8c:a2:26:b0:58,-84,6, ,ec:8c:a2:88:78:37,-90,40, Ariel_University,ec:8c:a2:08:7b:8c,-91,40, Ariel_University,ec:8c:a2:09:86:d8,-92,6
2017-12-3T8:38:4Z,SM-G950F,32.10342051137385,35.20780552775216,690.6874448611455,4,,ec:8c:a2:89:0c:c7,-86,44, Ariel_University,ec:8c:a2:09:0c:c8,-86,1, ,ec:8c:a2:88:7b:87,-87,40, Ariel_University,ec:8c:a2:08:90:cc,-87,36
2017-12-3T8:38:7Z,SM-G950F,32.10345291720662,35.20781063770308,690.6563444942567,1,Ariel_University,ec:8c:a2:08:90:c8,-89,11
2017-12-3T8:38:10Z,SM-G950F,32.10353355128237,35.20781291804855,690.5795129917332,11,Ariel_University,ec:8c:a2:08:a9:28,-71,11, Ariel_University,ec:8c:a2:09:8c:38,-80,1, Ariel_University,ec:8c:a2:08:7b:8c,-81,40, Ariel_University,ec:8c:a2:08:a9:2c,-81,44, ,00:27:22:f3:bb:3a,-86,6, ,00:27:22:f3:bb:86,-87,6, Ariel_University,1c:b9:c4:16:d2:88,-88,11, ,ec:8c:a2:88:94:17,-88,44, Ariel_University,ec:8c:a2:09:8c:3c,-88,44, Ariel_University,ec:8c:a2:08:94:1c,-88,44
2017-12-3T8:38:13Z,SM-G950F,32.10371440835981,35.2078263595938,690.4758805974767,9,Ariel_University,ec:8c:a2:08:7b:8c,-75,40, ,ec:8c:a2:88:7b:87,-76,40, Ariel_University,ec:8c:a2:08:90:c8,-78,11, Ariel_University,ec:8c:a2:09:03:3c,-84,44, ,ec:8c:a2:89:03:37,-85,44, ,ec:8c:a2:89:8c:37,-86,44, Ariel_University,1c:b9:c4:16:f4:7c,-89,36, Ariel_University,1c:b9:c4:16:d2:8c,-89,44, Ariel_University,ec:8c:a2:0a:08:b8,-89,6
2017-12-3T8:38:16Z,SM-G950F,32.10395115783471,35.20786377093516,690.3267397654319,3,Ariel_University,ec:8c:a2:08:7b:8c,-68,40, Ariel_University,ec:8c:a2:08:7b:88,-77,1, ,00:27:22:f3:bb:86,-81,6
2017-12-3T8:38:19Z,SM-G950F,32.10419402726119,35.20788174167889,690.126855604218,2,AUC_54_R,00:25:86:cc:00:f8,-74,5, KCG_54,00:25:86:cc:07:b2,-87,2
2017-12-3T8:38:22Z,SM-G950F,32.1044140461797,35.20788087493433,689.9496964638441,8,Ariel_University,ec:8c:a2:08:7a:18,-84,1, Ariel_University,ec:8c:a2:08:7a:1c,-86,44, dlink,84:c9:b2:4a:e7:87,-86,2, Ariel_University,1c:b9:c4:16:cd:68,-86,11, ,ec:8c:a2:88:7a:17,-87,44, ,ec:8c:a2:88:a9:27,-89,44, ,00:1a:dd:f4:f5:c4,-89,13, Afikim_Wifi,00:1a:dd:f4:f5:c5,-90,13
2017-12-3T8:38:25Z,SM-G950F,32.10461272357625,35.20792963641949,689.6670161410832,4,Ariel_University,ec:8c:a2:08:92:48,-85,6, Ariel_University,ec:8c:a2:08:92:4c,-88,36, Ariel_University,ec:8c:a2:08:a9:2c,-89,44, Ariel_University,ec:8c:a2:08:a9:28,-90,11
2017-12-3T8:38:28Z,SM-G950F,32.10473074431384,35.20808401590763,689.6319853475801,6,Afikim_Wifi,00:1a:dd:f4:f5:c5,-85,13, Ariel_University,f0:b0:52:3e:d6:f8,-86,11, Aviramf phone,e6:46:da:e4:84:c0,-87,6, ,00:27:22:f3:e0:83,-88,1, ,ec:8c:a2:88:7b:87,-89,40, Ariel_University,ec:8c:a2:26:d2:c8,-93,11
2017-12-3T8:38:40Z,SM-G950F,32.105051656311176,35.208668934230765,689.230258092551,1,Ariel_University,1c:b9:c4:16:05:38,-91,11
2017-12-3T8:38:43Z,SM-G950F,32.10513904195773,35.20879924441711,688.9451857776014,1,,00:1a:2f:7f:6b:70,-89,13
2017-12-3T8:38:46Z,SM-G950F,32.10522814587199,35.208934280260046,688.6530227065308,1,magneto,b2:6c:ac:a0:7b:4d,-90,11
2017-12-3T8:38:49Z,SM-G950F,32.10533997449653,35.20910319025765,688.4228173932764,10,,00:1a:2f:7f:6b:70,-81,13, Ariel_University,1c:b9:c4:15:44:58,-84,11, outsense,c2:6c:ac:a0:7b:4d,-85,11, EVE,90:6c:ac:a0:7b:4d,-88,11, Ariel_University,1c:b9:c4:16:05:3c,-88,36, Guest,90:6c:ac:9f:fb:1f,-89,1, ,00:1a:dd:f4:f5:c4,-90,13, Ariel_University,ec:8c:a2:26:d2:c8,-91,11, HP-Print-30-Officejet 7610,d0:bf:9c:db:31:30,-91,6, Afikim_Wifi,00:1a:dd:f4:f5:c5,-91,13
2017-12-3T8:38:52Z,SM-G950F,32.10545968983351,35.2092873567155,688.3373272543101,5,ShapeDo,f8:e9:03:12:ef:3b,-90,6, Neuropplied,a2:6c:ac:9f:fb:27,-91,36, Guest,90:6c:ac:9f:fb:27,-92,36, iagree,b2:6c:ac:9f:fb:27,-92,36, shapedo,c2:6c:ac:9f:fb:27,-92,36
2017-12-3T8:38:55Z,SM-G950F,32.10559677902265,35.20951077753986,688.4287285025864,4,,00:27:22:f3:e2:f3,-84,6, ,00:27:22:f3:a6:9a,-85,6, YICarCam_00d0f1,58:70:c6:00:d0:f1,-89,6, Ariel_University,1c:b9:c4:16:06:e8,-89,11
2017-12-3T8:38:58Z,SM-G950F,32.10572050842588,35.2097599664662,688.5550300637956,12,NIPPON_2516,08:97:58:32:a6:3e,-73,3, ,00:1a:2f:7f:6b:70,-76,13, Orange G2_4113,f8:a9:d0:66:06:4d,-81,6, iagree,b2:6c:ac:9f:fb:1f,-88,1, Ariel_University,1c:b9:c4:15:44:5c,-89,44, Ariel_University,1c:b9:c4:15:42:6c,-89,48, Afikim-73925,00:1a:dd:f5:e9:25,-89,1, ,1c:b9:c4:95:42:67,-90,48, Cartiheal,00:11:6b:2a:90:3c,-90,11, Ariel_University,1c:b9:c4:14:2f:a8,-90,1
2017-12-3T8:39:1Z,SM-G950F,32.10583719022133,35.210051750641114,688.5948451994292,6,PEPWAVE_C99D,00:1a:dd:f5:e9:24,-74,1, Afikim-73925,00:1a:dd:f5:e9:25,-76,1, Ariel_University,1c:b9:c4:16:06:e8,-84,11, PEPWAVE_9481,00:1a:dd:f4:ef:04,-85,1, magneto,b2:6c:ac:a0:7b:4d,-88,11, Ariel_University,1c:b9:c4:15:42:68,-89,11
2017-12-3T8:39:4Z,SM-G950F,32.10593532045871,35.21038076777716,688.6045855255679,15,PEPWAVE_9481,00:1a:dd:f4:ef:04,-76,1, ,00:1a:dd:f5:06:a4,-83,13, YICarCam_00d0f1,58:70:c6:00:d0:f1,-84,6, Ariel_University,1c:b9:c4:15:44:58,-84,11, Afikim_Wifi,00:1a:dd:f5:06:a5,-84,13, EVE,90:6c:ac:a0:7b:4d,-89,11, Guest,90:6c:ac:9f:fb:1f,-89,1, Ariel_University,1c:b9:c4:16:06:ec,-89,44, HP-Print-30-Officejet 7610,d0:bf:9c:db:31:30,-90,6, ,00:1a:dd:f4:f5:c4,-90,13
2017-12-3T8:39:7Z,SM-G950F,32.10601667872536,35.21072710051793,688.676436763853,3,Afikim-73925,00:1a:dd:f5:e9:25,-71,1, ,00:27:22:f3:e2:f3,-87,6, ,00:27:22:f3:a6:9a,-87,6
2017-12-3T8:39:10Z,SM-G950F,32.106089276564596,35.21106968179408,688.7624378298848,10,Afikim-73925,00:1a:dd:f5:e9:25,-58,1, PEPWAVE_C99D,00:1a:dd:f5:e9:24,-59,1, Afikim_Wifi,00:1a:dd:f4:ef:c5,-81,1, ,00:1a:2f:7f:6b:70,-85,13, Ariel_University,1c:b9:c4:15:42:68,-87,11, Ariel_University,1c:b9:c4:14:2f:a8,-87,1, Gateway,00:0d:f0:3e:fa:ca,-87,9, Ariel_University,1c:b9:c4:16:06:e8,-88,11, ,1c:b9:c4:96:06:e7,-89,44, magneto,b2:6c:ac:a0:7b:4d,-92,11
2017-12-3T8:39:13Z,SM-G950F,32.10614939016676,35.21138726608906,688.8993666020681,7,,00:27:22:f3:e2:f3,-81,6, TOP-SECRET,10:be:f5:36:02:e2,-82,8, Ariel_University,1c:b9:c4:16:06:ec,-83,44, ,00:1a:dd:f4:ef:c4,-87,1, Afikim_Wifi,00:1a:dd:f4:f5:c5,-91,13, PEPWAVE_9481,00:1a:dd:f4:ef:04,-92,1, ,00:1a:dd:f4:f5:c4,-93,13
2017-12-3T8:39:16Z,SM-G950F,32.106181954122206,35.21168763894033,689.1981253462078,2,,00:1a:dd:f4:f5:c4,-87,13, Bezeq-NGN_E77EB9,cc:b2:55:e7:7e:ba,-87,6
2017-12-3T8:39:19Z,SM-G950F,32.106211489963755,35.21194838735254,689.2763252871639,5,,00:1a:dd:f4:fc:84,-77,8, Afikim_Wifi,00:1a:dd:f4:fc:85,-78,8, Police_Shomron ,f8:e7:1e:33:87:38,-86,1, ,00:1a:dd:f4:fc:64,-87,1, Afikim_Wifi,00:1a:dd:f4:fc:65,-90,1
2017-12-3T8:39:22Z,SM-G950F,32.10617159646305,35.212141756525845,689.3311852539475,1,,1c:b9:c4:96:06:e7,-90,44
2017-12-3T8:39:25Z,SM-G950F,32.105995367836144,35.21216518835194,689.5950093554168,3,IT-MNG,1c:b9:c4:16:cd:18,-88,1, KCG_20,00:27:19:13:fc:a4,-90,11, Ariel_University,1c:b9:c4:56:cd:18,-90,1
2017-12-3T8:39:28Z,SM-G950F,32.10578181130056,35.21207187967583,690.5323471428377,3,Police_Shomron ,f8:e7:1e:33:87:3c,-86,36, IT-MNG,1c:b9:c4:15:fd:e8,-88,11, Ariel_University,1c:b9:c4:16:cd:1c,-88,36
2017-12-3T8:39:31Z,SM-G950F,32.10558929316102,35.211990487672665,691.0898029756444,4,IT-MNG,1c:b9:c4:16:cd:18,-75,1, Ariel_University,1c:b9:c4:56:cd:18,-75,1, KCG_20,00:27:19:13:fc:a4,-85,11, Ariel_University,1c:b9:c4:55:fd:e8,-88,11
2017-12-3T8:39:34Z,SM-G950F,32.105448644069995,35.21192983211315,691.5885470680463,5,Ariel_University,1c:b9:c4:15:fd:ec,-83,40, Ariel_University,1c:b9:c4:15:3a:28,-87,1, Ariel_University,1c:b9:c4:15:36:9c,-88,36, ,1c:b9:c4:96:cd:17,-89,36, Ariel_University,1c:b9:c4:15:36:98,-89,1
2017-12-3T8:39:37Z,SM-G950F,32.105338150765675,35.21187487697705,692.0554072332519,2,Ariel_University,1c:b9:c4:15:3a:2c,-92,36, Ariel_University,24:79:2a:2b:34:a8,-92,11
2017-12-3T8:39:40Z,SM-G950F,32.10524361261086,35.211801239749164,692.3384221268948,3,Ariel_University,1c:b9:c4:15:fd:ec,-76,40, IT-MNG,1c:b9:c4:15:fd:e8,-82,11, Ariel_University,1c:b9:c4:55:fd:e8,-83,11
2017-12-3T8:39:43Z,SM-G950F,32.105210120790346,35.21178480914369,692.3547334737405,1,Ariel_University,1c:b9:c4:16:05:78,-92,6
2017-12-3T8:39:46Z,SM-G950F,32.105210120790346,35.21178480914369,692.3483456627454,1,Ariel_University,1c:b9:c4:16:2b:e8,-92,6
2017-12-3T8:39:49Z,SM-G950F,32.105210120790346,35.21178480914369,692.3377115782242,1,,8c:0c:90:af:76:53,-90,6
2017-12-3T8:40:16Z,SM-G950F,32.10517571012945,35.21174277047862,692.1254031076071,1,Ariel_University,24:79:2a:2b:34:e8,-91,1
2017-12-3T8:40:22Z,SM-G950F,32.10499244511427,35.211651466384744,691.7543961800868,1,Ariel_University,1c:b9:c4:15:44:88,-91,6
2017-12-3T8:40:28Z,SM-G950F,32.104862458562884,35.21155668473202,691.462649666743,2,Ariel_University,1c:b9:c4:15:ed:48,-89,1, Ariel_University,8c:0c:90:2f:d3:d8,-90,11
2017-12-3T8:40:34Z,SM-G950F,32.104906121909195,35.21135241304572,691.7266026300563,11,Ariel_University,1c:b9:c4:15:ed:48,-78,1, Ariel_University,1c:b9:c4:15:44:88,-79,6, Ariel_University,ec:8c:a2:08:79:a8,-82,6, ,1c:b9:c4:95:ed:47,-87,44, Ariel_University,1c:b9:c4:15:ed:4c,-88,44, Ariel_University,ec:8c:a2:08:79:88,-88,1, Ariel_University,ec:8c:a2:08:79:ac,-89,36, Ariel_University,1c:b9:c4:14:36:f8,-90,6, Ariel_University,1c:b9:c4:16:05:7c,-91,36, Ariel_University,1c:b9:c4:15:44:58,-92,11
2017-12-3T8:40:37Z,SM-G950F,32.10500395073859,35.21117990020947,692.1896063036106,6,Ariel_University,1c:b9:c4:14:2b:c8,-79,6, Ariel_University,1c:b9:c4:14:2b:cc,-87,36, Ariel_University,1c:b9:c4:15:41:78,-87,1, ,00:1a:2f:7f:6b:70,-88,13, ,1c:b9:c4:94:2b:c7,-90,36, Ariel_University,1c:b9:c4:15:42:68,-90,11
2017-12-3T8:40:40Z,SM-G950F,32.105066559019285,35.21095878761493,692.5004478551441,6,Ariel_University,1c:b9:c4:15:42:68,-79,11, Ariel_University,1c:b9:c4:16:2b:e8,-84,6, Ariel_University,1c:b9:c4:15:42:6c,-86,48, ,1c:b9:c4:95:42:67,-90,48, ,1c:b9:c4:95:44:87,-91,36, Ariel_University,1c:b9:c4:15:44:8c,-92,36
2017-12-3T8:40:43Z,SM-G950F,32.10506214894986,35.21071549460977,692.6868607099875,6,,1c:b9:c4:94:30:07,-84,36, Ariel_University,1c:b9:c4:14:30:0c,-85,36, Ariel_University,1c:b9:c4:14:30:08,-85,1, Ariel_University,1c:b9:c4:16:05:78,-86,6, Ariel_University,1c:b9:c4:15:36:9c,-87,36, Ariel_University,1c:b9:c4:15:36:98,-91,1
2017-12-3T8:40:46Z,SM-G950F,32.10500248118355,35.210472263787054,692.7188464192927,8,Ariel_University,1c:b9:c4:15:44:58,-79,11, Ariel_University,1c:b9:c4:16:2d:e8,-81,11, SAMSONIX R500-e-09,ac:83:f3:b2:00:e9,-84,1, Ariel_University,1c:b9:c4:15:25:48,-88,1, ,1c:b9:c4:95:44:57,-89,44, Ariel_University,8c:0c:90:2f:d3:d8,-90,11, yosh,00:11:6b:11:7d:c7,-90,13, SAMSONIX ML_003,38:a2:8c:02:e7:6e,-91,6
2017-12-3T8:40:49Z,SM-G950F,32.10493191549645,35.21025667401684,692.7030958914264,11,Ariel_University,1c:b9:c4:15:44:5c,-82,44, Ariel_University,1c:b9:c4:16:2d:ec,-85,36, Ariel_University,1c:b9:c4:15:20:38,-87,11, ,1c:b9:c4:96:2d:e7,-89,36, EVE,90:6c:ac:a0:7b:4d,-90,11, outsense,c2:6c:ac:a0:7b:4d,-90,11, Ariel_University,1c:b9:c4:16:05:38,-90,11, Ariel_University,1c:b9:c4:15:44:88,-91,6, shapedo,c2:6c:ac:9f:fb:1f,-91,1, Ariel_University,1c:b9:c4:15:34:b8,-92,6
2017-12-3T8:40:52Z,SM-G950F,32.10483384066018,35.21004948359021,692.7415284537185,13,Ariel_University,1c:b9:c4:16:05:38,-84,11, EVE,90:6c:ac:a0:7b:4d,-85,11, mati-sh1,c4:12:f5:fd:6a:74,-85,9, giftwizard,a2:6c:ac:a0:3d:eb,-87,3, magneto,b2:6c:ac:a0:7b:4d,-88,11, HP-Print-30-Officejet 7610,d0:bf:9c:db:31:30,-88,6, Neuropplied,a2:6c:ac:9f:fb:1f,-89,1, Guest,90:6c:ac:a0:3d:eb,-89,3, Guest,90:6c:ac:9f:fb:1f,-89,1, Ariel_University,8c:0c:90:2f:36:58,-89,1
2017-12-3T8:40:55Z,SM-G950F,32.10470434072279,35.20983067078798,692.8241294446267,27,outsense,c2:6c:ac:a0:7b:4d,-75,11, Guest,a2:6c:ac:a0:7b:4d,-75,11, magneto,b2:6c:ac:a0:7b:4d,-75,11, shapedo,c2:6c:ac:9f:fb:1f,-77,1, EVE,90:6c:ac:a0:7b:4d,-78,11, Ariel_University,1c:b9:c4:16:05:3c,-78,36, outsense,c2:6c:ac:a0:7b:55,-79,52, magneto,b2:6c:ac:a0:7b:55,-79,52, Ariel_University,8c:0c:90:2f:36:58,-80,1, Guest,a2:6c:ac:a0:7b:55,-80,52
2017-12-3T8:40:58Z,SM-G950F,32.10457102888188,35.209608501213296,692.8918490649098,22,EVE,90:6c:ac:a0:7b:4d,-71,11, TP-LINK_ADD150,74:ea:3a:ad:d1:50,-71,4, Guest,90:6c:ac:a0:60:4d,-72,1, incentive2,a2:6c:ac:a0:60:4d,-72,1, ShapeDo,f8:e9:03:12:ef:3b,-72,6, Ariel_University,1c:b9:c4:14:62:4c,-74,36, Ariel_University,1c:b9:c4:14:62:48,-74,11, iagree,b2:6c:ac:9f:fb:1f,-76,1, ShapeDo-5GHz,f8:e9:03:12:ef:3c,-77,60, ,1c:b9:c4:94:62:47,-79,36
2017-12-3T8:41:1Z,SM-G950F,32.104466966368285,35.20942986183025,692.9030486088649,13,Ariel_University,24:79:2a:2c:5b:dc,-78,36, artsim,a2:6c:ac:a0:18:29,-80,6, Ariel_University,24:79:2a:2c:5b:d8,-80,1, Ariel_University,34:8f:27:20:89:b8,-84,6, Ariel_University,1c:b9:c4:15:25:48,-86,1, DIRECT-6E-HP DeskJet 3630 series,a0:8c:fd:8c:79:6f,-87,6, Ariel_University,34:8f:27:20:89:bc,-87,44, yosh,00:11:6b:11:7d:c7,-89,13, ,34:8f:27:a0:89:b7,-89,44, Ariel_University,1c:b9:c4:15:44:58,-90,11
2017-12-3T8:41:4Z,SM-G950F,32.104362677361316,35.20927746779735,692.9954485022049,9,Ariel_University,34:8f:27:20:89:b8,-78,6, Ariel_University,ec:8c:a2:26:d3:68,-84,11, Ariel_University,1c:b9:c4:16:1d:78,-85,1, Neuropplied,a2:6c:ac:9f:fb:27,-88,36, YICarCam_fb687a,58:70:c6:fb:68:7a,-88,5, Guest,90:6c:ac:9f:fb:27,-89,36, iagree,b2:6c:ac:9f:fb:27,-89,36, shapedo,c2:6c:ac:9f:fb:27,-89,36, DIRECT-64-HP DeskJet 3630 series,30:e1:71:0d:e0:65,-89,6
2017-12-3T8:41:7Z,SM-G950F,32.10423494296213,35.20910450845998,693.2393926590979,9,Ariel_University,ec:8c:a2:26:d3:68,-65,11, Ariel_University,1c:b9:c4:16:cc:d8,-83,1, ,00:27:22:f3:bb:2b,-85,6, DIRECT-13-HP DeskJet 3630 series,a0:8c:fd:0a:24:56,-86,6, Ariel_University,1c:b9:c4:15:fd:4c,-88,36, Ariel_University,1c:b9:c4:15:fd:48,-90,1, Ariel_University,1c:b9:c4:16:28:ec,-91,36, Ariel_University,ec:8c:a2:26:d2:c8,-92,11, ,00:02:6f:b8:c4:1a,-92,11
2017-12-3T8:41:10Z,SM-G950F,32.104079300627305,35.20894493919268,693.2106002961864,9,Ariel_University,1c:b9:c4:16:28:e8,-83,1, giftwizard,a2:6c:ac:a0:3d:eb,-84,3, Guest,90:6c:ac:a0:3d:eb,-84,3, Ariel_University,8c:0c:90:2e:16:88,-86,11, Guest,90:6c:ac:a0:18:29,-88,6, Ariel_University,ec:8c:a2:26:b0:e8,-89,6, Ariel_University,1c:b9:c4:15:1c:b8,-89,1, Ariel_University,1c:b9:c4:15:23:5c,-91,36, ,1c:b9:c4:95:23:57,-92,36
2017-12-3T8:41:13Z,SM-G950F,32.10391150736109,35.2088246555669,693.1255587289544,9,Guest,90:6c:ac:a0:3d:eb,-77,3, sinusafe,b2:6c:ac:a0:3d:eb,-79,3, Ariel_University,1c:b9:c4:15:fd:48,-82,1, Ariel_University,1c:b9:c4:15:23:58,-83,6, AUC_54_R,00:25:86:cc:00:f8,-84,5, 2.4V1,40:a5:ef:7a:17:f2,-86,1, ,1c:b9:c4:95:fd:47,-90,36, ,1c:b9:c4:96:28:e7,-90,36, outsense,c2:6c:ac:a0:7b:4d,-91,11
2017-12-3T8:41:16Z,SM-G950F,32.1037453613347,35.208747637130664,692.9018041152,3,AUC_54_R,00:25:86:cc:00:f8,-79,5, Ariel_University,ec:8c:a2:08:78:cc,-85,48, Ariel_University,1c:b9:c4:16:cc:dc,-90,36
2017-12-3T8:41:19Z,SM-G950F,32.10358149081874,35.20869963966899,692.7637920663055,9,Ariel_University,1c:b9:c4:16:28:ec,-70,36, Ariel_University,1c:b9:c4:16:28:e8,-72,1, ,1c:b9:c4:96:28:e7,-72,36, Ariel_University,ec:8c:a2:08:78:c8,-84,6, ,8c:0c:90:ae:16:83,-85,11, Ariel_University,ec:8c:a2:08:94:18,-85,1, ,8c:0c:90:6e:16:88,-86,11, Ariel_University,1c:b9:c4:12:7c:c8,-86,11, Ariel_University,1c:b9:c4:16:13:08,-89,11
2017-12-3T8:41:22Z,SM-G950F,32.10344003398568,35.20867173858253,692.4998606052869,6,Ariel_University,ec:8c:a2:08:94:1c,-69,44, Ariel_University,ec:8c:a2:08:94:18,-72,1, PEPWAVE_C99D,00:1a:dd:f5:e9:24,-90,1, Ariel_University,1c:b9:c4:12:7c:cc,-90,36, Afikim-73925,00:1a:dd:f5:e9:25,-91,1, Biren2809,14:ae:db:cf:86:f5,-92,11
2017-12-3T8:41:25Z,SM-G950F,32.10332614802254,35.20866418715774,692.4506545358308,10,,ec:8c:a2:88:94:17,-72,44, Ariel_University,1c:b9:c4:12:7c:c8,-73,11, Ariel_University,1c:b9:c4:16:d2:88,-79,11, Ariel_University,1c:b9:c4:12:7c:cc,-81,36, ,1c:b9:c4:92:7c:c7,-82,36, Ariel_University,1c:b9:c4:16:d2:8c,-83,44, Ariel_University,1c:b9:c4:12:90:bc,-88,40, Ariel_University,1c:b9:c4:16:1d:78,-89,1, Ariel_University,1c:b9:c4:16:13:0c,-89,44, ,1c:b9:c4:96:13:07,-91,44
2017-12-3T8:41:28Z,SM-G950F,32.10319998156279,35.20865523080618,692.3581802663745,11,Ariel_University,1c:b9:c4:12:90:b8,-78,11, HelpDesk,f8:d1:11:77:77:c6,-81,4, Ariel_University,1c:b9:c4:12:90:bc,-82,40, Ariel_University,8c:0c:90:2d:75:e8,-84,1, Ariel_University,1c:b9:c4:16:f4:28,-86,11, Ariel_University,34:8f:27:20:8c:18,-86,6, ,1c:b9:c4:96:f4:77,-89,36, Ariel_University,1c:b9:c4:15:43:e8,-89,1, Ariel_University,ec:8c:a2:26:d3:68,-90,11, ,ec:8c:a2:88:78:c7,-90,48
2017-12-3T8:41:31Z,SM-G950F,32.10300494292407,35.20863695926181,692.196417278604,15,Ariel_University,ec:8c:a2:08:94:18,-66,1, HelpDesk,f8:d1:11:77:77:c6,-70,4, Ariel_University,8c:0c:90:2d:75:e8,-76,1, Ariel_University,1c:b9:c4:12:90:bc,-77,40, ,ec:8c:a2:88:78:c7,-83,48, AUC_4_2_24,d8:5d:4c:9e:69:22,-83,1, Ariel_University,1c:b9:c4:14:2f:68,-84,6, Ariel_University,1c:b9:c4:14:33:c8,-85,11, ,1c:b9:c4:96:f4:27,-88,44, Ariel_University,1c:b9:c4:14:2f:6c,-88,36
2017-12-3T8:41:34Z,SM-G950F,32.10277702523605,35.20865285254135,691.9026615588904,16,Ariel_University,1c:b9:c4:14:2f:68,-74,6, Ariel_University,1c:b9:c4:14:2f:6c,-76,36, Ariel_University,1c:b9:c4:16:11:a8,-76,1, Ariel_University,1c:b9:c4:16:28:f8,-77,6, Ariel_University,1c:b9:c4:14:33:cc,-79,48, Ariel_University,1c:b9:c4:15:43:e8,-80,1, Ariel_University,1c:b9:c4:14:33:c8,-80,11, Ariel_University,ec:8c:a2:26:b1:78,-82,1, Ariel_University,1c:b9:c4:16:11:ac,-83,44, ,1c:b9:c4:96:f4:77,-84,36
2017-12-3T8:41:37Z,SM-G950F,32.10255145110322,35.20870958030374,691.5312028197485,15,Ariel_University,ec:8c:a2:26:b1:78,-74,1, Ariel_University,1c:b9:c4:16:f4:78,-80,1, Ariel_University,1c:b9:c4:16:28:fc,-83,36, Ariel_University,ec:8c:a2:08:78:c8,-85,6, Bezeq Free,62:ab:1b:60:b4:cb,-85,8, Ariel_University,1c:b9:c4:16:f1:98,-85,11, Ariel_University,1c:b9:c4:14:2c:18,-85,1, 036518749,a0:ab:1b:60:b4:ca,-86,8, Ariel_University,1c:b9:c4:15:ed:78,-86,6, Ariel_University,1c:b9:c4:16:04:78,-86,11
2017-12-3T8:41:40Z,SM-G950F,32.10234864947915,35.2088058068883,691.1193081556711,8,036518749,a0:ab:1b:60:b4:ca,-81,8, Ariel_University,1c:b9:c4:14:2b:d8,-81,1, Ariel_University,ec:8c:a2:08:94:1c,-86,44, Ariel_University,1c:b9:c4:14:2b:dc,-87,36, ,1c:b9:c4:94:2b:d7,-88,36, Ariel_University,1c:b9:c4:16:ed:38,-88,6, tachlit3,48:ee:0c:3e:86:dd,-89,7, DIRECT-F4-HP DeskJet 3630 series,a0:8c:fd:0a:d5:f5,-91,6
2017-12-3T8:41:44Z,SM-G950F,32.10214621679274,35.209044289129665,690.5335339957132,14,Ariel_University,1c:b9:c4:14:2b:d8,-74,1, Ariel_University,1c:b9:c4:14:2b:dc,-75,36, DIRECT-F4-HP DeskJet 3630 series,a0:8c:fd:0a:d5:f5,-76,6, Ariel_University,1c:b9:c4:16:f1:98,-77,11, DIRECT-55-HP DeskJet 3630 series,3c:52:82:ef:d4:56,-79,6, Ariel_University,1c:b9:c4:16:f1:48,-79,1, Ariel_University,1c:b9:c4:16:f4:28,-82,11, Ariel_University,1c:b9:c4:16:f1:4c,-85,36, Ariel_University,1c:b9:c4:15:3d:58,-86,11, Ariel_University,1c:b9:c4:12:90:b8,-87,11
2017-12-3T8:41:47Z,SM-G950F,32.10204840896786,35.209305441513706,690.6637923310731,10,Ariel_University,1c:b9:c4:14:2b:d8,-67,1, Ariel_University,1c:b9:c4:16:04:78,-77,11, Ariel_University,1c:b9:c4:15:3a:38,-82,11, Ariel_University,1c:b9:c4:15:1b:88,-84,11, ,1c:b9:c4:95:3a:37,-87,44, Ariel_University,1c:b9:c4:15:3a:3c,-87,44, Ariel_University,1c:b9:c4:15:1b:8c,-88,58, Ariel_University,1c:b9:c4:15:1e:68,-88,1, ,1c:b9:c4:95:1b:87,-89,58, yosh,00:11:6b:11:02:b7,-90,1
2017-12-3T8:41:50Z,SM-G950F,32.10199115789806,35.20958210879809,691.3292746776632,8,Ariel_University,1c:b9:c4:15:3d:58,-76,11, Ariel_University,1c:b9:c4:15:ed:7c,-83,60, Ariel_University,1c:b9:c4:15:3d:5c,-85,36, Ariel_University,1c:b9:c4:16:f4:2c,-88,44, Ariel_University,1c:b9:c4:12:90:bc,-89,40, Ariel_University,1c:b9:c4:15:1e:6c,-89,36, ,1c:b9:c4:95:43:e7,-90,36, ,1c:b9:c4:96:f4:27,-90,44
2017-12-3T8:41:53Z,SM-G950F,32.10204989920807,35.20981699968769,691.9252951056196,13,Ariel_University,1c:b9:c4:15:3a:3c,-82,44, Ariel_University,1c:b9:c4:16:11:a8,-85,1, yosh,00:11:6b:11:02:b7,-85,1, ,1c:b9:c4:96:04:77,-86,60, Bezeq Free,62:ab:1b:60:b4:cb,-86,8, DIRECT-71-HP DeskJet 3630 series,30:e1:71:0f:a2:72,-86,6, Ariel_University,ec:8c:a2:26:b1:78,-87,1, 036518749,a0:ab:1b:60:b4:ca,-87,8, Ariel_University,1c:b9:c4:15:ed:78,-88,6, ,1c:b9:c4:96:11:a7,-90,44
2017-12-3T8:41:59Z,SM-G950F,32.10242459585739,35.20994624852596,693.2951778853742,3,KCG-ADSL,00:1d:aa:81:d8:3c,-72,3, lab_6.1.3,c4:12:f5:f6:a0:18,-84,3, Ariel_University,1c:b9:c4:16:ee:98,-91,6
2017-12-3T8:42:2Z,SM-G950F,32.10264400384503,35.209866208308156,693.9536809951636,8,lab_6.1.3,c4:12:f5:f6:a0:18,-76,3, Ariel_University,1c:b9:c4:15:1e:68,-81,1, Ariel_University,1c:b9:c4:16:ee:98,-84,6, Ariel_University,1c:b9:c4:15:3d:68,-84,6, Ariel_University,1c:b9:c4:16:ee:9c,-85,36, Ariel_University,1c:b9:c4:16:ed:38,-88,6, Ariel_University,1c:b9:c4:15:3d:6c,-89,44, Ariel_University,1c:b9:c4:14:2c:38,-90,6
2017-12-3T8:42:5Z,SM-G950F,32.10284685720819,35.20976947098178,694.5438851451789,9,Ariel_University,1c:b9:c4:14:2c:38,-82,6, Ariel_University,1c:b9:c4:14:30:38,-86,1, ,1c:b9:c4:96:ed:37,-87,44, Ariel_University,1c:b9:c4:16:ed:3c,-87,44, DIRECT-47-HP DeskJet 3630 series,30:e1:71:0f:a2:49,-88,6, Ariel_University,1c:b9:c4:12:af:78,-88,11, Ariel_University,1c:b9:c4:12:af:7c,-89,40, Ariel_University,1c:b9:c4:15:ec:38,-90,6, Ariel_University,1c:b9:c4:14:30:3c,-91,44
2017-12-3T8:42:8Z,SM-G950F,32.10304620359118,35.20968509338159,695.2842000630257,12,Ariel_University,1c:b9:c4:15:ec:38,-78,6, Ariel_University,1c:b9:c4:16:ed:38,-79,6, Ariel_University,1c:b9:c4:12:af:78,-79,11, DIRECT-3B-HP DeskJet 3630 series,3c:52:82:ef:c4:3c,-82,6, Ariel_University,1c:b9:c4:12:af:7c,-83,40, Ariel_University,1c:b9:c4:15:ec:3c,-89,36, Ariel_University,1c:b9:c4:15:1e:6c,-90,36, ,1c:b9:c4:95:ec:37,-90,36, Ariel_University,1c:b9:c4:14:2b:88,-90,11, ,1c:b9:c4:94:30:37,-91,44
2017-12-3T8:42:11Z,SM-G950F,32.10324718381687,35.20966090434171,695.9976937978897,3,Ariel_University,1c:b9:c4:16:11:a8,-85,1, ,1c:b9:c4:92:af:77,-86,40, Ariel_University,1c:b9:c4:16:06:bc,-89,48
2017-12-3T8:42:14Z,SM-G950F,32.1034329607425,35.20971972103522,696.594648730558,12,KCG-ADSL,00:1d:aa:81:d8:3c,-79,3, Ariel_University,1c:b9:c4:16:06:b8,-79,11, Ariel_University,1c:b9:c4:16:06:bc,-82,48, Ariel_University,1c:b9:c4:14:2b:88,-85,11, ,8c:0c:90:6e:16:88,-88,11, DIRECT-51-HP DeskJet 3630 series,3c:52:82:ef:d4:52,-88,6, AUC_4_2_24,d8:5d:4c:9e:69:22,-88,1, IT-MNG,1c:b9:c4:15:ed:b8,-89,1, Ariel_University,1c:b9:c4:16:f1:58,-89,6, Ariel_University,1c:b9:c4:12:90:bc,-90,40
2017-12-3T8:42:17Z,SM-G950F,32.10360554777893,35.20981182556972,696.9845369879256,5,Ariel_University,1c:b9:c4:16:ed:3c,-82,44, ,1c:b9:c4:96:06:b7,-83,48, Ariel_University,1c:b9:c4:16:e5:a8,-87,6, Ariel_University,1c:b9:c4:16:e5:ac,-88,36, Onicom,c0:4a:00:71:ee:ee,-91,9
2017-12-3T8:42:20Z,SM-G950F,32.10374459378031,35.20996027357281,697.4269700934077,7,Ariel_University,1c:b9:c4:16:06:b8,-73,11, Ariel_University,8c:0c:90:2e:16:88,-83,11, Ariel_University,1c:b9:c4:15:fd:48,-84,1, Ariel_University,24:79:2a:2b:bd:8c,-88,44, Ariel_University,1c:b9:c4:15:1c:b8,-88,1, ,24:79:2a:ab:bd:87,-89,44, Ariel_University,1c:b9:c4:16:ed:48,-89,6
2017-12-3T8:42:23Z,SM-G950F,32.10384156949376,35.21012188392672,697.416045967316,7,Ariel_University,1c:b9:c4:16:06:bc,-76,48, Ariel_University,24:79:2a:2b:bd:88,-83,11, Ariel_University,24:79:2a:2c:5c:18,-84,11, Ariel_University,24:79:2a:2b:07:b8,-85,11, HelpDesk,60:e3:27:7b:e0:98,-89,4, Ariel_University,24:79:2a:2b:07:bc,-90,36, Ariel_University,1c:b9:c4:15:fd:4c,-91,36
2017-12-3T8:42:26Z,SM-G950F,32.103941420050404,35.21027064263325,697.3844382941795,1,DIRECT-8A-HP DeskJet 3630 series,3c:52:82:ef:a4:8b,-89,6
2017-12-3T8:42:29Z,SM-G950F,32.104009581046085,35.210407097609526,697.4328003022679,3,Ariel_University,8c:0c:90:2e:e8:18,-81,6, Ariel_University,1c:b9:c4:15:ed:38,-89,6, Ariel_University,8c:0c:90:2d:34:38,-90,11
2017-12-3T8:42:32Z,SM-G950F,32.104065424799884,35.21056380796895,697.5076283965512,7,Ariel_University,8c:0c:90:2e:e8:18,-75,6, Ariel_University,24:79:2a:2b:24:98,-82,1, Ariel_University,24:79:2a:2c:61:68,-86,6, Ariel_University,24:79:2a:2b:24:9c,-87,36, Ariel_University,1c:b9:c4:16:e8:fc,-89,36, Ariel_University,1c:b9:c4:15:ed:3c,-89,36, Ariel_University,24:79:2a:2c:5b:d8,-90,1
2017-12-3T8:42:35Z,SM-G950F,32.10413451681923,35.2107567217389,697.6837111672091,6,Ariel_University,8c:0c:90:2f:d3:d8,-80,11, Ariel_University,1c:b9:c4:15:41:7c,-83,44, Ariel_University,1c:b9:c4:16:e8:f8,-83,11, Ariel_University,8c:0c:90:2d:34:38,-84,11, ,1c:b9:c4:95:41:77,-84,44, ,1c:b9:c4:96:e8:f7,-89,36
2017-12-3T8:42:38Z,SM-G950F,32.104180210701166,35.210971616382466,697.8335736441353,6,Ariel_University,1c:b9:c4:15:41:78,-74,1, Ariel_University,1c:b9:c4:15:41:7c,-78,44, Ariel_University,1c:b9:c4:15:ed:38,-82,6, ,1c:b9:c4:95:ed:37,-85,36, Ariel_University,1c:b9:c4:16:06:b8,-90,11, Ariel_University,1c:b9:c4:14:36:fc,-90,36
2017-12-3T8:42:41Z,SM-G950F,32.10421174650141,35.211189336085184,697.9876832678715,4,Ariel_University,1c:b9:c4:16:e8:f8,-75,11, Ariel_University,1c:b9:c4:14:36:f8,-78,6, Ariel_University,1c:b9:c4:16:e8:fc,-80,36, ,1c:b9:c4:94:36:f7,-89,36
2017-12-3T8:42:44Z,SM-G950F,32.10430101358445,35.2113364110354,698.1636706090947,1,Ariel_University,1c:b9:c4:15:44:88,-79,6
2017-12-3T8:42:47Z,SM-G950F,32.1044318843861,35.21140418433044,698.2791206112993,1,Ariel_University,1c:b9:c4:15:44:8c,-87,36
2017-12-3T8:42:56Z,SM-G950F,32.104845772256034,35.21133656810834,697.4572880172282,1,Ariel_University,1c:b9:c4:16:05:78,-88,6
2017-12-3T8:42:59Z,SM-G950F,32.10490479074945,35.211247446727874,697.4311692397619,5,,ec:8c:a2:88:79:a7,-83,36, Ariel_University,ec:8c:a2:08:79:ac,-83,36, ,1c:b9:c4:96:05:77,-90,36, Ariel_University,1c:b9:c4:16:05:7c,-90,36, yosh,00:11:6b:11:7e:0c,-90,1
2017-12-3T8:43:2Z,SM-G950F,32.10490479074945,35.211247446727874,697.428715971239,3,Ariel_University,ec:8c:a2:08:79:a8,-74,6, Ariel_University,1c:b9:c4:14:2b:c8,-88,6, Ariel_University,1c:b9:c4:15:44:58,-93,11
2017-12-3T8:44:54Z,SM-G950F,32.105083845149835,35.21105176968496,723.7793960780249,6,Ariel_University,1c:b9:c4:14:2b:c8,-69,6, Ariel_University,1c:b9:c4:15:44:58,-73,11, Ariel_University,1c:b9:c4:15:36:98,-81,1, Ariel_University,1c:b9:c4:14:2b:cc,-82,36, Ariel_University,1c:b9:c4:15:36:9c,-82,36, Ariel_University,1c:b9:c4:16:2b:ec,-91,36
2017-12-3T8:44:57Z,SM-G950F,32.10508531164914,35.210849611248044,723.5007310544873,1,Ariel_University,1c:b9:c4:15:25:48,-88,1
2017-12-3T8:45:0Z,SM-G950F,32.10505360988531,35.21065140865043,722.9911881727085,6,Ariel_University,1c:b9:c4:16:2d:e8,-86,11, ,00:1a:dd:f5:e2:e4,-88,8, yosh,00:11:6b:11:7d:c7,-88,13, Ariel_University,1c:b9:c4:14:30:08,-89,1, Afikim_Wifi,00:1a:dd:f5:e2:e5,-91,8, EVE,90:6c:ac:a0:7b:4d,-92,11
2017-12-3T8:45:3Z,SM-G950F,32.10499990260954,35.21047656289195,723.5506009395499,4,Ariel_University,1c:b9:c4:15:44:5c,-73,44, ,1c:b9:c4:95:44:57,-75,44, giftwizard,a2:6c:ac:a0:3d:eb,-91,3, sinusafe,b2:6c:ac:a0:3d:eb,-93,3
2017-12-3T8:45:6Z,SM-G950F,32.1049280958924,35.21028241262848,722.9373547253995,4,,1c:b9:c4:96:2d:e7,-83,36, Ariel_University,1c:b9:c4:16:05:78,-85,6, HP-Print-4b-LaserJet 400,08:ed:b9:3d:8f:4b,-89,6, Ariel_University,1c:b9:c4:15:34:bc,-90,36
2017-12-3T8:45:9Z,SM-G950F,32.10484580805109,35.210099303869924,721.5899410531763,6,outsense,c2:6c:ac:a0:7b:4d,-79,11, EVE,90:6c:ac:a0:7b:4d,-83,11, Ariel_University,1c:b9:c4:16:e8:f8,-85,11, Ariel_University,1c:b9:c4:16:05:7c,-89,36, Ariel_University,1c:b9:c4:15:23:58,-89,6, yosh,00:11:6b:11:7e:0c,-90,1
2017-12-3T8:45:12Z,SM-G950F,32.104754989025786,35.20993816815755,720.9335361818318,11,magneto,b2:6c:ac:a0:7b:4d,-68,11, Ariel_University,8c:0c:90:2f:36:58,-72,1, EVE,90:6c:ac:a0:7b:4d,-73,11, Cartiheal,00:11:6b:2a:90:3c,-73,11, outsense,c2:6c:ac:a0:7b:4d,-74,11, Ariel_University,1c:b9:c4:15:25:48,-78,1, giftwizard,a2:6c:ac:a0:3d:eb,-84,3, Ariel_University,1c:b9:c4:15:44:58,-86,11, CliClap,90:6c:ac:9f:f1:c5,-86,2, Ariel_University,1c:b9:c4:15:41:78,-89,1
2017-12-3T8:45:15Z,SM-G950F,32.10467359936391,35.20978777843669,720.377839279137,4,Ariel_University,1c:b9:c4:14:62:48,-69,11, Ariel_University,1c:b9:c4:16:05:38,-73,11, HP-Print-30-Officejet 7610,d0:bf:9c:db:31:30,-74,6, sinusafe,b2:6c:ac:a0:3d:eb,-87,3
2017-12-3T8:45:18Z,SM-G950F,32.104588849229,35.20963561052404,720.0987821077831,4,Neuropplied,a2:6c:ac:9f:fb:1f,-77,1, Ariel_University,1c:b9:c4:16:2d:e8,-85,11, Afikim_Wifi,00:1a:dd:f5:e2:e5,-88,8, ,00:1a:dd:f5:e2:e4,-90,8
2017-12-3T8:45:21Z,SM-G950F,32.10450128242647,35.209504838899974,719.6173358014215,2,Guest,90:6c:ac:a0:18:29,-83,6, Ariel_University,24:79:2a:2c:5b:d8,-88,1
2017-12-3T8:45:24Z,SM-G950F,32.10440732802085,35.209372990792566,718.9029262082577,4,Ariel_University,24:79:2a:2c:5b:d8,-83,1, Ariel_University,ec:8c:a2:26:d3:68,-86,11, Ariel_University,1c:b9:c4:15:44:5c,-91,44, ,24:79:2a:ac:5b:d7,-92,36
2017-12-3T8:45:27Z,SM-G950F,32.10429170079522,35.20922196297352,718.1113988109198,3,Ariel_University,ec:8c:a2:26:d3:68,-65,11, Ariel_University,1c:b9:c4:16:28:e8,-85,1, Ariel_University,1c:b9:c4:16:28:ec,-89,36
2017-12-3T8:45:30Z,SM-G950F,32.10415148492975,35.209085335841316,717.1730684272525,5,,8c:0c:90:6e:16:88,-78,11, ,8c:0c:90:ae:16:83,-79,11, Ariel_University,1c:b9:c4:16:28:e8,-79,1, Ariel_University,1c:b9:c4:15:fd:4c,-88,36, Ariel_University,1c:b9:c4:15:23:58,-89,6
2017-12-3T8:45:33Z,SM-G950F,32.10400629568038,35.20897410789561,716.4196812362657,3,paysday,b2:6c:ac:9f:f1:c5,-83,2, KCG_54,00:25:86:cc:07:b2,-87,2, ,1c:b9:c4:96:cc:d7,-89,36
2017-12-3T8:45:36Z,SM-G950F,32.10386009727099,35.20889523702908,715.6639357440854,10,Ariel_University,ec:8c:a2:08:78:c8,-79,6, Ariel_University,8c:0c:90:2e:16:88,-80,11, Ariel_University,1c:b9:c4:16:1d:7c,-82,44, Ariel_University,1c:b9:c4:15:1c:b8,-82,1, giftwizard,a2:6c:ac:a0:3d:eb,-84,3, Ariel_University,1c:b9:c4:15:fd:48,-84,1, Ariel_University,ec:8c:a2:08:78:cc,-86,48, Ariel_University,8c:0c:90:2f:ca:18,-87,1, ,00:02:6f:8e:64:67,-87,1, CliClap,90:6c:ac:9f:f1:c5,-90,2
2017-12-3T8:45:39Z,SM-G950F,32.10371420696016,35.20884986655562,714.996993979747,6,Ariel_University,1c:b9:c4:16:28:ec,-72,36, Ariel_University,1c:b9:c4:16:28:e8,-72,1, Ariel_University,ec:8c:a2:08:78:cc,-79,48, Ariel_University,1c:b9:c4:16:d2:88,-86,11, Ariel_University,ec:8c:a2:08:94:1c,-88,44, Ariel_University,1c:b9:c4:16:d2:8c,-91,44
2017-12-3T8:45:42Z,SM-G950F,32.10359575123186,35.208829865550776,714.6415373056432,6,Ariel_University,ec:8c:a2:08:94:1c,-76,44, Ariel_University,1c:b9:c4:16:13:08,-82,11, 2.4V1,40:a5:ef:7a:17:f2,-89,1, Ariel_University,24:79:2a:2c:3d:68,-89,6, Ariel_University,1c:b9:c4:16:12:e8,-90,1, Ariel_University,1c:b9:c4:16:05:38,-91,11
2017-12-3T8:45:45Z,SM-G950F,32.10349394532902,35.20883755397558,714.6073365536296,4,Ariel_University,ec:8c:a2:08:94:1c,-67,44, Ariel_University,1c:b9:c4:16:d2:8c,-85,44, iagree,b2:6c:ac:9f:fb:1f,-91,1, Ariel_University,1c:b9:c4:12:90:b8,-94,11
2017-12-3T8:45:48Z,SM-G950F,32.103402302342595,35.20883646544966,714.5980703126925,3,Ariel_University,1c:b9:c4:16:f4:78,-85,1, Ariel_University,1c:b9:c4:12:90:b8,-86,11, ,1c:b9:c4:92:90:b7,-89,40
2017-12-3T8:45:51Z,SM-G950F,32.10326856217378,35.20883939525283,714.5109892030207,2,Ariel_University,1c:b9:c4:12:90:b8,-77,11, ,1c:b9:c4:92:90:b7,-83,40
2017-12-3T8:45:54Z,SM-G950F,32.10312233030912,35.20883356228082,714.4002305491747,2,,8c:0c:90:ad:75:e3,-79,1, Ariel_University,1c:b9:c4:16:f4:2c,-87,44
2017-12-3T8:45:57Z,SM-G950F,32.10296085254736,35.20883419348608,714.3703447936505,4,Ariel_University,1c:b9:c4:12:7c:c8,-65,11, Ariel_University,1c:b9:c4:16:f4:78,-79,1, ,1c:b9:c4:94:33:c7,-83,48, ,1c:b9:c4:96:28:f7,-92,36
2017-12-3T8:46:0Z,SM-G950F,32.102783975653516,35.20886387907891,714.3316068948095,2,Ariel_University,ec:8c:a2:08:78:c8,-82,6, SGH-I337M,ec:9b:f3:26:ab:3a,-90,6
2017-12-3T8:46:3Z,SM-G950F,32.10259975394048,35.208928128671154,714.1643861630125,4,Ariel_University,1c:b9:c4:14:2f:68,-68,6, Ariel_University,1c:b9:c4:16:d2:88,-84,11, Ariel_University,1c:b9:c4:16:28:e8,-89,1, Ariel_University,ec:8c:a2:08:78:cc,-91,48
2017-12-3T8:46:7Z,SM-G950F,32.10237864633892,35.209041359644786,713.8821171496348,5,Ariel_University,ec:8c:a2:26:b1:78,-69,1, ,1c:b9:c4:94:2b:d7,-83,36, Ariel_University,ec:8c:a2:08:94:1c,-86,44, Ariel_University,1c:b9:c4:12:90:bc,-89,40, Ariel_University,1c:b9:c4:16:d2:8c,-90,44
2017-12-3T8:46:10Z,SM-G950F,32.102251329939946,35.20917133939987,713.7779833477692,2,,1c:b9:c4:96:f1:97,-83,60, Ariel_University,1c:b9:c4:12:90:b8,-89,11
2017-12-3T8:46:13Z,SM-G950F,32.102146261893544,35.20936409018153,713.6723922329297,5,Ariel_University,1c:b9:c4:14:2b:dc,-69,36, Ariel_University,1c:b9:c4:16:11:a8,-82,1, ,1c:b9:c4:96:f1:47,-83,36, ,1c:b9:c4:96:28:f7,-87,36, DIRECT-5C-HP DeskJet 3630 series,fc:3f:db:9c:36:3d,-89,6
2017-12-3T8:46:16Z,SM-G950F,32.102066675785125,35.20959658367541,713.4268036303091,4,Ariel_University,1c:b9:c4:15:3d:58,-71,11, Ariel_University,1c:b9:c4:15:ed:78,-79,6, Ariel_University,1c:b9:c4:16:f4:2c,-88,44, 2.4V1,40:a5:ef:7a:17:f2,-88,1
2017-12-3T8:46:19Z,SM-G950F,32.102023970048705,35.209809437045,713.173810685929,7,Ariel_University,1c:b9:c4:15:43:e8,-85,1, Ariel_University,1c:b9:c4:16:28:f8,-85,6, Ariel_University,1c:b9:c4:16:11:ac,-88,44, Ariel_University,1c:b9:c4:15:43:ec,-89,36, Ariel_University,1c:b9:c4:16:28:fc,-90,36, Ariel_University,1c:b9:c4:14:33:cc,-90,48, Ariel_University,1c:b9:c4:16:f4:7c,-91,36
2017-12-3T8:46:22Z,SM-G950F,32.10208168385126,35.20999223961305,713.0993513046095,1,KCG-ADSL,00:1d:aa:81:d8:3c,-89,3
2017-12-3T8:46:25Z,SM-G950F,32.10222832033337,35.210112222443875,713.0486228085776,5,DIRECT-55-HP DeskJet 3630 series,3c:52:82:ef:d4:56,-86,6, Ariel_University,1c:b9:c4:16:f1:48,-88,1, DIRECT-F4-HP DeskJet 3630 series,a0:8c:fd:0a:d5:f5,-88,6, Ariel_University,1c:b9:c4:16:f1:98,-89,11, Ariel_University,ec:8c:a2:26:b1:78,-90,1
2017-12-3T8:46:28Z,SM-G950F,32.102424122284994,35.21011845051072,712.957124735723,1,KCG-ADSL,00:1d:aa:81:d8:3c,-84,3
2017-12-3T8:46:31Z,SM-G950F,32.10263051540787,35.21002970756891,712.9572535195944,2,,1c:b9:c4:95:3d:67,-88,44, ,1c:b9:c4:95:1e:67,-89,36
2017-12-3T8:46:34Z,SM-G950F,32.102828942569055,35.20990359456348,712.964955332782,2,KCG-ADSL,00:1d:aa:81:d8:3c,-73,3, ,1c:b9:c4:96:ee:97,-91,36
2017-12-3T8:46:37Z,SM-G950F,32.10302301295985,35.209787097544925,712.9072216682514,1,Ariel_University,1c:b9:c4:16:06:b8,-92,11
2017-12-3T8:46:40Z,SM-G950F,32.10321591004118,35.20975719981927,713.06122970489,2,Ariel_University,1c:b9:c4:16:06:b8,-85,11, Ariel_University,1c:b9:c4:15:3a:38,-90,11
2017-12-3T8:46:43Z,SM-G950F,32.103388164157224,35.209780212663475,713.0579802632583,4,Ariel_University,1c:b9:c4:16:f1:58,-82,6, Ariel_University,1c:b9:c4:12:90:b8,-89,11, Ariel_University,1c:b9:c4:15:1c:bc,-90,36, Ariel_University,1c:b9:c4:14:2b:8c,-90,44
2017-12-3T8:46:46Z,SM-G950F,32.10355734968826,35.20985088471482,712.7278674954841,1,Ariel_University,1c:b9:c4:16:06:b8,-78,11
2017-12-3T8:46:49Z,SM-G950F,32.10367268759018,35.20993144865807,712.5561754419144,5,Ariel_University,1c:b9:c4:16:06:b8,-70,11, Ariel_University,1c:b9:c4:15:fd:48,-83,1, Ariel_University,8c:0c:90:2e:16:88,-85,11, ,1c:b9:c4:95:fd:47,-87,36, Ariel_University,1c:b9:c4:15:1c:b8,-90,1
2017-12-3T8:46:55Z,SM-G950F,32.103867734675376,35.210207503898104,711.3389288486851,3,Ariel_University,1c:b9:c4:16:06:bc,-70,48, ,1c:b9:c4:96:06:b7,-71,48, Ariel_University,1c:b9:c4:15:fd:4c,-91,36
2017-12-3T8:46:58Z,SM-G950F,32.103978944547,35.210383317417175,711.0902963898471,1,Ariel_University,24:79:2a:2c:5b:d8,-82,1
2017-12-3T8:47:7Z,SM-G950F,32.10421597675227,35.21100193602393,710.3295713082748,5,Ariel_University,8c:0c:90:2e:e8:18,-70,6, Ariel_University,1c:b9:c4:15:41:78,-73,1, Ariel_University,1c:b9:c4:15:ed:3c,-82,36, ,1c:b9:c4:96:e8:f7,-83,36, Ariel_University,1c:b9:c4:16:06:b8,-91,11
2017-12-3T8:47:10Z,SM-G950F,32.10423840238851,35.211188911270426,710.1555202387569,1,Ariel_University,1c:b9:c4:16:e8:f8,-76,11
2017-12-3T8:47:13Z,SM-G950F,32.104277785622244,35.211358618857965,709.9316873666761,1,Ariel_University,1c:b9:c4:14:36:fc,-84,36
2017-12-3T8:47:20Z,SM-G950F,32.1045799456677,35.21153227409927,709.0014328198683,1,KCG_20,00:27:19:13:fc:a4,-91,11
2017-12-3T8:47:26Z,SM-G950F,32.1048384872452,35.2113997115428,707.73368019463,1,Ariel_University,1c:b9:c4:15:25:48,-89,1
2017-12-3T8:47:29Z,SM-G950F,32.10490155990646,35.21128997463942,707.383083212502,4,Ariel_University,1c:b9:c4:15:44:58,-88,11, yosh,00:11:6b:11:7e:0c,-88,1, Ariel_University,1c:b9:c4:16:05:78,-89,6, Ariel_University,1c:b9:c4:16:05:7c,-90,36
2017-12-3T8:44:36Z,Lenovo PB2-690Y,32.10492335,35.21133237,695.0,12,Ariel_University,ec:8c:a2:08:79:a8,-76,6, Ariel_University,1c:b9:c4:15:ed:48,-80,1, Ariel_University,1c:b9:c4:15:44:88,-81,6, Ariel_University,1c:b9:c4:16:2b:e8,-85,6, Ariel_University,1c:b9:c4:14:36:f8,-88,6, Ariel_University,1c:b9:c4:14:2b:c8,-88,6, Ariel_University,1c:b9:c4:16:05:78,-89,6, Ariel_University,1c:b9:c4:15:42:68,-90,11, Ariel_University,1c:b9:c4:15:44:58,-90,11, Ariel_University,8c:0c:90:2f:d3:d8,-91,11
2017-12-3T8:44:42Z,Lenovo PB2-690Y,32.10490415,35.21134319,694.0,1,Ariel_University,1c:b9:c4:16:05:78,-81,6
2017-12-3T8:44:45Z,Lenovo PB2-690Y,32.10491116,35.21134052,692.0,1,Ariel_University,1c:b9:c4:14:2b:c8,-82,6
2017-12-3T8:44:48Z,Lenovo PB2-690Y,32.10494722,35.21131239,692.0,2,Ariel_University,1c:b9:c4:16:e8:f8,-85,11, Ariel_University,ec:8c:a2:08:79:ac,-87,36
2017-12-3T8:44:52Z,Lenovo PB2-690Y,32.10502009,35.21117827,691.0,2,IT-MNG,1c:b9:c4:15:fd:e8,-89,11, Ariel_University,1c:b9:c4:55:fd:e8,-91,11
2017-12-3T8:44:55Z,Lenovo PB2-690Y,32.10503984,35.21099522,690.0,7,Ariel_University,1c:b9:c4:14:2b:c8,-75,6, Ariel_University,1c:b9:c4:14:2b:cc,-79,36, ,1c:b9:c4:94:2b:c7,-80,36, Ariel_University,1c:b9:c4:15:42:68,-82,11, Ariel_University,1c:b9:c4:15:36:98,-82,1, Ariel_University,1c:b9:c4:16:2d:e8,-89,11, Ariel_University,1c:b9:c4:14:30:08,-90,1
2017-12-3T8:44:58Z,Lenovo PB2-690Y,32.10501303,35.21079649,688.0,3,Ariel_University,1c:b9:c4:15:25:48,-85,1, yosh,00:11:6b:11:7e:0c,-89,1, HP-Print-30-Officejet 7610,d0:bf:9c:db:31:30,-91,6
2017-12-3T8:45:1Z,Lenovo PB2-690Y,32.10496562,35.21060161,686.0,4,Ariel_University,1c:b9:c4:15:44:58,-74,11, Afikim_Wifi,00:1a:dd:f5:e2:e5,-81,8, Ariel_University,1c:b9:c4:16:2d:e8,-83,11, Ariel_University,ec:8c:a2:08:79:88,-92,1
2017-12-3T8:45:4Z,Lenovo PB2-690Y,32.10490642,35.21041748,687.0,7,Ariel_University,1c:b9:c4:15:44:58,-67,11, Ariel_University,1c:b9:c4:14:30:08,-81,1, Ariel_University,1c:b9:c4:16:05:38,-83,11, Neuropplied,a2:6c:ac:9f:fb:1f,-87,1, iagree,b2:6c:ac:9f:fb:1f,-88,1, Ariel_University,1c:b9:c4:15:ed:38,-89,6, Guest,90:6c:ac:9f:fb:1f,-91,1
2017-12-3T8:45:7Z,Lenovo PB2-690Y,32.10483138,35.21023766,687.0,13,Ariel_University,1c:b9:c4:16:2d:e8,-77,11, Ariel_University,1c:b9:c4:15:44:5c,-78,44, Ariel_University,1c:b9:c4:16:05:78,-82,6, Ariel_University,1c:b9:c4:15:ed:48,-85,1, Ariel_University,1c:b9:c4:16:2b:e8,-86,6, Guest,90:6c:ac:9f:fb:1f,-86,1, Ariel_University,1c:b9:c4:15:41:78,-87,1, Ariel_University,1c:b9:c4:15:44:88,-87,6, Ariel_University,1c:b9:c4:15:20:38,-89,11, Ariel_University,1c:b9:c4:16:e8:f8,-91,11
2017-12-3T8:45:10Z,Lenovo PB2-690Y,32.10474846,35.21005988,687.0,10,outsense,c2:6c:ac:a0:7b:4d,-69,11, EVE,90:6c:ac:a0:7b:4d,-71,11, Ariel_University,8c:0c:90:2f:36:58,-71,1, magneto,b2:6c:ac:a0:7b:4d,-72,11, Guest,a2:6c:ac:a0:7b:4d,-72,11, Ariel_University,1c:b9:c4:15:25:48,-79,1, DIRECT-B1-HP DeskJet 3830 series,70:5a:0f:57:04:17,-84,11, Guest,90:6c:ac:a0:3d:eb,-87,3, Ariel_University,1c:b9:c4:15:25:4c,-87,44, giftwizard,a2:6c:ac:a0:3d:eb,-88,3
2017-12-3T8:45:13Z,Lenovo PB2-690Y,32.10465225,35.20989395,686.0,18,outsense,c2:6c:ac:a0:7b:4d,-63,11, magneto,b2:6c:ac:a0:7b:4d,-63,11, EVE,90:6c:ac:a0:7b:4d,-64,11, Guest,a2:6c:ac:a0:7b:4d,-64,11, Ariel_University,1c:b9:c4:15:25:48,-72,1, Ariel_University,1c:b9:c4:16:05:38,-73,11, ,8c:0c:90:6f:36:58,-78,1, Guest,90:6c:ac:a0:60:4d,-79,1, incentive2,a2:6c:ac:a0:60:4d,-79,1, giftwizard,a2:6c:ac:a0:3d:eb,-80,3
2017-12-3T8:45:16Z,Lenovo PB2-690Y,32.10456515,35.2097465,687.0,14,ShapeDo,f8:e9:03:12:ef:3b,-67,6, Ariel_University,1c:b9:c4:14:62:48,-70,11, ShapeDo-5GHz,f8:e9:03:12:ef:3c,-75,60, shapedo,c2:6c:ac:9f:fb:1f,-75,1, Neuropplied,a2:6c:ac:9f:fb:1f,-76,1, HP-Print-30-Officejet 7610,d0:bf:9c:db:31:30,-77,6, iagree,b2:6c:ac:9f:fb:1f,-78,1, Guest,90:6c:ac:9f:fb:1f,-78,1, TP-LINK_ADD150,74:ea:3a:ad:d1:50,-79,4, incentive2,a2:6c:ac:a0:60:55,-84,36
2017-12-3T8:45:19Z,Lenovo PB2-690Y,32.10447804,35.20959776,687.0,2,DIRECT-42-HP DeskJet 3830 series,70:5a:0f:57:42:43,-75,11, Afikim_Wifi,00:1a:dd:f5:e2:e5,-86,8
2017-12-3T8:45:22Z,Lenovo PB2-690Y,32.10438743,35.20945591,687.0,7,restore,b2:6c:ac:a0:18:29,-81,6, Ariel_University,ec:8c:a2:26:d3:68,-83,11, Ariel_University,24:79:2a:2c:5b:d8,-84,1, Ariel_University,34:8f:27:20:89:b8,-84,6, Salomon,90:8d:78:54:6b:4d,-85,1, artsim,a2:6c:ac:a0:18:29,-86,6, ,00:1a:dd:f5:e2:e4,-90,8
2017-12-3T8:45:25Z,Lenovo PB2-690Y,32.10431068,35.20931775,688.0,3,Ariel_University,1c:b9:c4:15:44:58,-81,11, sinusafe,b2:6c:ac:a0:3d:eb,-85,3, HelpDesk,60:e3:27:7b:e0:98,-90,4
2017-12-3T8:45:28Z,Lenovo PB2-690Y,32.10419987,35.20916188,689.0,7,Ariel_University,ec:8c:a2:26:d3:68,-63,11, Ariel_University,1c:b9:c4:16:05:78,-78,6, Guest,a2:6c:ac:9f:f1:c5,-80,2, Ariel_University,1c:b9:c4:16:28:e8,-81,1, Ariel_University,1c:b9:c4:15:23:58,-84,6, Ariel_University,1c:b9:c4:16:2d:e8,-86,11, Ariel_University,1c:b9:c4:15:1c:b8,-88,1
2017-12-3T8:45:30Z,Lenovo PB2-690Y,32.10411028,35.20906784,690.0,10,Ariel_University,ec:8c:a2:26:d3:68,-58,11, sinusafe,b2:6c:ac:a0:3d:eb,-76,3, Guest,90:6c:ac:a0:3d:eb,-77,3, Ariel_University,1c:b9:c4:15:fd:48,-79,1, DIRECT-64-HP DeskJet 3630 series,30:e1:71:0d:e0:65,-85,6, Ariel_University,1c:b9:c4:16:cc:d8,-85,1, ,8c:0c:90:6e:16:88,-86,11, Ariel_University,1c:b9:c4:16:06:b8,-89,11, DIRECT-13-HP DeskJet 3630 series,a0:8c:fd:0a:24:56,-90,6, Ariel_University,ec:8c:a2:26:b0:e8,-91,6
2017-12-3T8:45:33Z,Lenovo PB2-690Y,32.10397533,35.20895016,691.0,3,Ariel_University,1c:b9:c4:16:28:e8,-76,1, Ariel_University,1c:b9:c4:16:1d:78,-81,1, Ariel_University,ec:8c:a2:08:78:c8,-89,6
2017-12-3T8:45:36Z,Lenovo PB2-690Y,32.10383006,35.20885448,691.0,12,giftwizard,a2:6c:ac:a0:3d:eb,-72,3, EVE,90:6c:ac:a0:7b:4d,-76,11, magneto,b2:6c:ac:a0:7b:4d,-76,11, outsense,c2:6c:ac:a0:7b:4d,-77,11, Ariel_University,ec:8c:a2:26:b0:e8,-81,6, Ariel_University,ec:8c:a2:08:78:cc,-86,48, Ariel_University,8c:0c:90:2e:16:88,-86,11, ,8c:0c:90:ae:16:83,-89,11, Ariel_University,1c:b9:c4:16:05:38,-90,11, Ariel_University,1c:b9:c4:16:d2:88,-90,11
2017-12-3T8:45:39Z,Lenovo PB2-690Y,32.10368713,35.20879967,691.0,6,Ariel_University,1c:b9:c4:16:28:ec,-74,36, Ariel_University,ec:8c:a2:08:78:c8,-77,6, Ariel_University,ec:8c:a2:08:94:18,-84,1, Ariel_University,1c:b9:c4:16:d2:88,-85,11, Ariel_University,1c:b9:c4:16:13:08,-85,11, DIRECT-61-HP DeskJet 3630 series,30:e1:71:0d:e0:63,-93,6
2017-12-3T8:45:42Z,Lenovo PB2-690Y,32.10356665,35.20876079,690.0,5,Ariel_University,ec:8c:a2:08:94:18,-71,1, Ariel_University,8c:0c:90:2e:16:88,-78,11, DIRECT-61-HP DeskJet 3630 series,30:e1:71:0d:e0:63,-88,6, Ariel_University,24:79:2a:2c:3d:68,-90,6, Ariel_University,1c:b9:c4:16:12:e8,-90,1
2017-12-3T8:45:45Z,Lenovo PB2-690Y,32.10345308,35.2087469,691.0,5,Ariel_University,ec:8c:a2:08:94:18,-63,1, Ariel_University,ec:8c:a2:08:94:1c,-73,44, ,ec:8c:a2:88:94:17,-75,44, Ariel_University,1c:b9:c4:12:7c:c8,-76,11, Ariel_University,1c:b9:c4:16:d2:8c,-88,44
2017-12-3T8:45:48Z,Lenovo PB2-690Y,32.10334776,35.20873747,691.0,2,Ariel_University,1c:b9:c4:16:28:f8,-84,6, Ariel_University,34:8f:27:20:8c:18,-87,6
2017-12-3T8:45:51Z,Lenovo PB2-690Y,32.10322732,35.20873973,690.0,9,Ariel_University,1c:b9:c4:16:28:f8,-79,6, Ariel_University,1c:b9:c4:16:f4:78,-81,1, Ariel_University,8c:0c:90:2d:75:e8,-81,1, ,1c:b9:c4:92:7c:c7,-84,36, HelpDesk,f8:d1:11:77:77:c6,-84,4, Ariel_University,1c:b9:c4:12:7c:cc,-84,36, Ariel_University,1c:b9:c4:14:2f:68,-86,6, ,8c:0c:90:ad:75:e3,-89,1, Ariel_University,1c:b9:c4:15:43:e8,-91,1
2017-12-3T8:45:54Z,Lenovo PB2-690Y,32.10308616,35.20872559,691.0,2,Ariel_University,ec:8c:a2:08:94:1c,-68,44, Ariel_University,1c:b9:c4:12:7c:c8,-68,11
2017-12-3T8:45:57Z,Lenovo PB2-690Y,32.1029428,35.20871214,691.0,5,Ariel_University,1c:b9:c4:16:f4:78,-76,1, Ariel_University,1c:b9:c4:14:33:c8,-76,11, Ariel_University,1c:b9:c4:12:90:b8,-79,11, Ariel_University,1c:b9:c4:14:2f:68,-81,6, Ariel_University,1c:b9:c4:16:28:e8,-85,1
2017-12-3T8:46:0Z,Lenovo PB2-690Y,32.10278023,35.20873559,688.0,7,Ariel_University,1c:b9:c4:16:f4:78,-71,1, Ariel_University,1c:b9:c4:14:2f:68,-74,6, Ariel_University,1c:b9:c4:16:11:a8,-77,1, Ariel_University,1c:b9:c4:16:f4:7c,-78,36, Ariel_University,1c:b9:c4:14:2f:6c,-82,36, Ariel_University,ec:8c:a2:26:b0:e8,-86,6, Ariel_University,1c:b9:c4:16:11:ac,-87,44
2017-12-3T8:46:3Z,Lenovo PB2-690Y,32.1025971,35.20878628,689.0,8,Ariel_University,1c:b9:c4:14:2f:68,-67,6, Ariel_University,ec:8c:a2:26:b1:78,-70,1, Ariel_University,1c:b9:c4:16:f1:98,-75,11, Ariel_University,ec:8c:a2:08:78:c8,-80,6, Ariel_University,1c:b9:c4:16:d2:88,-80,11, Ariel_University,1c:b9:c4:14:33:cc,-80,48, Ariel_University,1c:b9:c4:16:f4:28,-84,11, Ariel_University,1c:b9:c4:15:ed:78,-89,6
2017-12-3T8:46:6Z,Lenovo PB2-690Y,32.10241537,35.208865,688.0,9,Ariel_University,ec:8c:a2:08:94:18,-70,1, ,ec:8c:a2:88:94:17,-72,44, Ariel_University,1c:b9:c4:14:2b:d8,-78,1, SETUP,7e:ff:30:08:7f:bd,-80,11, Bezeq Free,62:ab:1b:60:b4:cb,-83,8, tachlit3,48:ee:0c:3e:86:dd,-85,7, Ariel_University,1c:b9:c4:16:d2:8c,-86,44, 036518749,a0:ab:1b:60:b4:ca,-86,8, DIRECT-F4-HP DeskJet 3630 series,a0:8c:fd:0a:d5:f5,-91,6
2017-12-3T8:46:9Z,Lenovo PB2-690Y,32.10225911,35.20897098,688.0,10,Ariel_University,1c:b9:c4:14:2b:d8,-70,1, Ariel_University,1c:b9:c4:16:28:f8,-73,6, Ariel_University,1c:b9:c4:16:f1:48,-73,1, Ariel_University,1c:b9:c4:12:90:b8,-74,11, Ariel_University,1c:b9:c4:16:f4:28,-75,11, Ariel_University,1c:b9:c4:14:2b:dc,-75,36, DIRECT-F4-HP DeskJet 3630 series,a0:8c:fd:0a:d5:f5,-77,6, Ariel_University,1c:b9:c4:15:ed:78,-84,6, DIRECT-55-HP DeskJet 3630 series,3c:52:82:ef:d4:56,-87,6, Ariel_University,1c:b9:c4:15:ec:38,-89,6
2017-12-3T8:46:12Z,Lenovo PB2-690Y,32.10214339,35.20913287,688.0,7,DIRECT-55-HP DeskJet 3630 series,3c:52:82:ef:d4:56,-73,6, Ariel_University,1c:b9:c4:15:43:e8,-75,1, lab_6.1.3,c4:12:f5:f6:a0:18,-79,3, Ariel_University,1c:b9:c4:16:f1:4c,-84,36, Ariel_University,1c:b9:c4:16:28:fc,-85,36, HelpDesk,f8:d1:11:77:77:c6,-86,4, Ariel_University,1c:b9:c4:15:1b:88,-92,11
2017-12-3T8:46:15Z,Lenovo PB2-690Y,32.10207016,35.20934828,689.0,8,DIRECT-F4-HP DeskJet 3630 series,a0:8c:fd:0a:d5:f5,-70,6, Ariel_University,1c:b9:c4:16:04:78,-72,11, Ariel_University,1c:b9:c4:15:3d:58,-77,11, Ariel_University,1c:b9:c4:15:3a:38,-77,11, Ariel_University,1c:b9:c4:15:ed:78,-79,6, Ariel_University,1c:b9:c4:15:1e:68,-83,1, Ariel_University,1c:b9:c4:16:04:7c,-84,60, Ariel_University,ec:8c:a2:08:94:1c,-89,44
2017-12-3T8:46:18Z,Lenovo PB2-690Y,32.10199513,35.20955856,690.0,7,Ariel_University,1c:b9:c4:15:3d:58,-69,11, Ariel_University,1c:b9:c4:15:ed:78,-74,6, DIRECT-5C-HP DeskJet 3630 series,fc:3f:db:9c:36:3d,-79,6, Ariel_University,1c:b9:c4:15:3d:68,-81,6, ,1c:b9:c4:95:3d:57,-82,36, Ariel_University,1c:b9:c4:15:3d:5c,-82,36, yosh,00:11:6b:11:02:b7,-84,1
2017-12-3T8:46:21Z,Lenovo PB2-690Y,32.10198667,35.20976127,690.0,6,Ariel_University,1c:b9:c4:16:28:e8,-81,1, Ariel_University,1c:b9:c4:14:33:c8,-81,11, Ariel_University,1c:b9:c4:14:2f:6c,-83,36, Ariel_University,1c:b9:c4:16:11:a8,-83,1, DIRECT-71-HP DeskJet 3630 series,30:e1:71:0f:a2:72,-83,6, Ariel_University,1c:b9:c4:16:11:ac,-88,44
2017-12-3T8:46:24Z,Lenovo PB2-690Y,32.1020859,35.20993739,692.0,8,2.4V1,40:a5:ef:7a:17:f2,-72,1, Ariel_University,1c:b9:c4:14:2f:68,-74,6, Ariel_University,1c:b9:c4:16:f1:98,-75,11, Bezeq,84:c9:b2:b7:c8:2d,-82,6, Bezeq Free,62:ab:1b:60:b4:cb,-84,8, Ariel_University,ec:8c:a2:08:94:18,-86,1, Malibu,10:0d:7f:7c:90:0a,-91,11, klyn,d0:d4:12:68:5b:ca,-95,1
2017-12-3T8:46:27Z,Lenovo PB2-690Y,32.10225656,35.21001902,692.0,6,Ariel_University,1c:b9:c4:16:f1:48,-82,1, Ariel_University,1c:b9:c4:14:2b:d8,-85,1, GuyEmily,14:ae:db:4f:50:75,-85,6, Ariel_University,1c:b9:c4:16:ee:98,-90,6, KCG-ADSL,00:1d:aa:81:d8:3c,-92,3, TP-LINK_D59886,e8:94:f6:d5:98:86,-94,9
2017-12-3T8:46:30Z,Lenovo PB2-690Y,32.10244204,35.20997246,693.0,3,KCG-ADSL,00:1d:aa:81:d8:3c,-83,3, Ariel_University,1c:b9:c4:16:ee:98,-83,6, DIRECT-47-HP DeskJet 3630 series,30:e1:71:0f:a2:49,-85,6
2017-12-3T8:46:33Z,Lenovo PB2-690Y,32.10263944,35.2098807,694.0,4,Ariel_University,1c:b9:c4:16:ed:38,-78,6, DIRECT-47-HP DeskJet 3630 series,30:e1:71:0f:a2:49,-80,6, Ariel_University,1c:b9:c4:14:2c:38,-90,6, Ariel_University,ec:8c:a2:26:b1:78,-93,1
2017-12-3T8:46:48Z,Lenovo PB2-690Y,32.10354591,35.20988696,697.0,24,2.4V1,40:a5:ef:7a:17:f2,-72,1, Ariel_University,1c:b9:c4:16:06:b8,-76,11, KCG-ADSL,00:1d:aa:81:d8:3c,-79,3, Ariel_University,1c:b9:c4:16:e5:a8,-79,6, Ariel_University,1c:b9:c4:15:3d:68,-80,6, DIRECT-61-HP DeskJet 3630 series,30:e1:71:0d:e0:63,-81,6, lab_6.1.3,c4:12:f5:f6:a0:18,-82,3, Ariel_University,1c:b9:c4:15:3d:58,-82,11, Bezeq,84:c9:b2:b7:c8:2d,-82,6, Ariel_University,1c:b9:c4:16:f1:58,-82,6
2017-12-3T8:46:52Z,Lenovo PB2-690Y,32.10366256,35.21001556,696.0,3,Ariel_University,1c:b9:c4:16:ed:38,-78,6, Ariel_University,1c:b9:c4:14:2c:38,-90,6, Ariel_University,ec:8c:a2:26:b1:78,-93,1
2017-12-3T8:46:53Z,Lenovo PB2-690Y,32.10369237,35.21006835,695.0,2,,8c:0c:90:6e:16:88,-86,11, Ariel_University,1c:b9:c4:15:fd:48,-87,1
2017-12-3T8:46:56Z,Lenovo PB2-690Y,32.1038112,35.21023834,694.0,7,Ariel_University,1c:b9:c4:16:06:b8,-71,11, Ariel_University,24:79:2a:2c:5c:18,-78,11, Ariel_University,24:79:2a:2b:bd:88,-83,11, DIRECT-8A-HP DeskJet 3630 series,3c:52:82:ef:a4:8b,-85,6, Ariel_University,1c:b9:c4:15:ed:38,-87,6, Ariel_University,1c:b9:c4:15:1c:b8,-89,1, Ariel_University,24:79:2a:2b:07:b8,-91,11
2017-12-3T8:46:58Z,Lenovo PB2-690Y,32.10389461,35.21035436,695.0,1,HelpDesk,60:e3:27:7b:e0:98,-87,4
2017-12-3T8:47:0Z,Lenovo PB2-690Y,32.10396029,35.21048509,695.0,1,Ariel_University,24:79:2a:2c:5b:d8,-86,1
2017-12-3T8:47:3Z,Lenovo PB2-690Y,32.1040479,35.21069321,695.0,2,Ariel_University,8c:0c:90:2e:e8:18,-71,6, Ariel_University,8c:0c:90:2d:34:38,-80,11
2017-12-3T8:47:6Z,Lenovo PB2-690Y,32.10412065,35.21089004,694.0,13,Ariel_University,1c:b9:c4:15:3d:68,-80,6, Ariel_University,1c:b9:c4:15:ed:38,-81,6, lab_6.1.3,c4:12:f5:f6:a0:18,-82,3, Ariel_University,1c:b9:c4:16:f1:58,-82,6, Ariel_University,8c:0c:90:2e:16:88,-82,11, Ariel_University,1c:b9:c4:16:ee:98,-83,6, Ariel_University,1c:b9:c4:16:ed:48,-83,6, Ariel_University,1c:b9:c4:15:1e:68,-84,1, Ariel_University,1c:b9:c4:16:e5:a8,-86,6, Ariel_University,1c:b9:c4:15:3a:38,-89,11
2017-12-3T8:47:9Z,Lenovo PB2-690Y,32.10415059,35.21107795,698.0,7,Ariel_University,1c:b9:c4:16:e8:f8,-78,11, Ariel_University,1c:b9:c4:15:fd:48,-84,1, Ariel_University,1c:b9:c4:16:05:78,-84,6, Ariel_University,8c:0c:90:2f:d3:d8,-85,11, ,8c:0c:90:6e:16:88,-86,11, Ariel_University,24:79:2a:2b:24:98,-89,1, yosh,00:11:6b:11:7e:0c,-92,1
2017-12-3T8:47:12Z,Lenovo PB2-690Y,32.10417317,35.21127266,693.0,13,Ariel_University,1c:b9:c4:16:e8:f8,-70,11, Ariel_University,1c:b9:c4:15:ed:38,-76,6, Ariel_University,1c:b9:c4:15:41:78,-76,1, Ariel_University,1c:b9:c4:16:06:b8,-77,11, Ariel_University,24:79:2a:2c:5c:18,-78,11, ,1c:b9:c4:96:e8:f7,-81,36, Ariel_University,1c:b9:c4:16:e8:fc,-81,36, Ariel_University,1c:b9:c4:15:41:7c,-82,44, Ariel_University,1c:b9:c4:14:36:f8,-84,6, Ariel_University,24:79:2a:2b:bd:88,-88,11
2017-12-3T8:47:15Z,Lenovo PB2-690Y,32.1042652,35.2114115,692.0,3,Ariel_University,1c:b9:c4:15:44:88,-81,6, Ariel_University,1c:b9:c4:15:ed:48,-91,1, BezeqNGN_009030_2.4GHz_1,3c:1e:04:05:5f:f5,-95,1
2017-12-3T8:47:18Z,Lenovo PB2-690Y,32.10440347,35.21147907,690.0,1,Ariel_University,1c:b9:c4:15:ed:48,-84,1
2017-12-3T8:47:21Z,Lenovo PB2-690Y,32.1045647,35.2115321,689.0,2,Ariel_University,1c:b9:c4:15:ed:48,-79,1, KCG_20,00:27:19:13:fc:a4,-91,11
2017-12-3T8:47:27Z,Lenovo PB2-690Y,32.10482885,35.21140788,690.0,3,Ariel_University,1c:b9:c4:55:fd:e8,-85,11, Ariel_University,1c:b9:c4:15:ed:4c,-88,44, Ariel_University,1c:b9:c4:16:2b:e8,-90,6
2017-12-3T8:47:30Z,Lenovo PB2-690Y,32.10487138,35.2113145,689.0,3,Ariel_University,1c:b9:c4:16:2b:e8,-85,6, Ariel_University,1c:b9:c4:15:42:68,-87,11, Ariel_University,1c:b9:c4:15:44:58,-90,11
2017-12-3T8:47:33Z,Lenovo PB2-690Y,32.1048671,35.21130149,689.0,1,Ariel_University,1c:b9:c4:14:2b:c8,-85,6
2017-12-3T8:47:50Z,Lenovo PB2-690Y,32.10491682,35.21132029,698.0,1,Ariel_University,1c:b9:c4:14:2b:c8,-79,6
2017-12-3T8:48:2Z,Lenovo PB2-690Y,32.10497773,35.21118029,694.0,1,Ariel_University,1c:b9:c4:15:44:88,-72,6
2017-12-3T8:48:4Z,Lenovo PB2-690Y,32.10497675,35.21116473,694.0,1,Ariel_University,1c:b9:c4:14:2b:c8,-74,6
2017-12-3T8:49:29Z,Lenovo PB2-690Y,32.10497406,35.2111867,696.0,1,DIRECT-98-HP DeskJet 3630 series,a0:8c:fd:8c:c5:b2,-92,6
2017-12-3T8:49:32Z,Lenovo PB2-690Y,32.10497523,35.21118447,698.0,1,DIRECT-69-HP DeskJet 3630 series,30:e1:71:0f:b2:6a,-93,6
2017-12-3T8:49:41Z,Lenovo PB2-690Y,32.10506418,35.21100415,699.0,1,Ariel_University,1c:b9:c4:16:2d:e8,-83,11
2017-12-3T8:49:44Z,Lenovo PB2-690Y,32.10503872,35.21079779,690.0,4,HP-Print-30-Officejet 7610,d0:bf:9c:db:31:30,-86,6, Ariel_University,1c:b9:c4:16:05:38,-87,11, giftwizard,a2:6c:ac:a0:3d:eb,-92,3, Afikim_Wifi,00:1a:dd:f5:df:c5,-93,6
2017-12-3T8:49:49Z,Lenovo PB2-690Y,32.10495031,35.21047465,690.0,1,Ariel_University,1c:b9:c4:15:ed:48,-92,1
2017-12-3T8:49:52Z,Lenovo PB2-690Y,32.10486791,35.21030041,691.0,3,Ariel_University,1c:b9:c4:15:44:58,-73,11, Ariel_University,1c:b9:c4:15:42:68,-79,11, Ariel_University,1c:b9:c4:16:2b:e8,-85,6
2017-12-3T8:49:55Z,Lenovo PB2-690Y,32.104798,35.21014859,685.0,7,EVE,90:6c:ac:a0:7b:4d,-72,11, magneto,b2:6c:ac:a0:7b:4d,-74,11, Ariel_University,1c:b9:c4:16:05:38,-76,11, Ariel_University,1c:b9:c4:15:20:38,-83,11, Ariel_University,1c:b9:c4:15:44:88,-88,6, Ariel_University,1c:b9:c4:14:2b:c8,-88,6, Ariel_University,1c:b9:c4:16:e8:f8,-90,11
2017-12-3T8:49:58Z,Lenovo PB2-690Y,32.10473133,35.21000489,687.0,8,outsense,c2:6c:ac:a0:7b:4d,-71,11, Ariel_University,1c:b9:c4:16:05:78,-78,6, HP-Print-30-Officejet 7610,d0:bf:9c:db:31:30,-79,6, Guest,90:6c:ac:a0:18:29,-84,6, yosh,00:11:6b:11:7e:0c,-87,1, YICarCam_fb9630,58:70:c6:fb:96:30,-88,5, Ariel_University,24:79:2a:2b:24:98,-88,1, HP-Print-2c-LaserJet 400 color,9c:d2:1e:04:e6:2c,-91,6
2017-12-3T8:50:1Z,Lenovo PB2-690Y,32.10465093,35.20984776,688.0,12,shapedo,c2:6c:ac:9f:fb:1f,-67,1, Guest,90:6c:ac:9f:fb:1f,-69,1, Neuropplied,a2:6c:ac:9f:fb:1f,-69,1, iagree,b2:6c:ac:9f:fb:1f,-69,1, Ariel_University,1c:b9:c4:16:05:38,-71,11, HP-Print-30-Officejet 7610,d0:bf:9c:db:31:30,-73,6, Guest,90:6c:ac:a0:60:4d,-74,1, outsense,c2:6c:ac:a0:7b:55,-78,52, Ariel_University,1c:b9:c4:16:2d:e8,-83,11, Ariel_University,1c:b9:c4:16:05:3c,-83,36
2017-12-3T8:50:4Z,Lenovo PB2-690Y,32.10455252,35.2096924,689.0,6,TP-LINK_ADD150,74:ea:3a:ad:d1:50,-72,4, Ariel_University,1c:b9:c4:15:23:58,-78,6, Ariel_University,24:79:2a:2c:5b:d8,-79,1, DIRECT-66-HP DeskJet 3630 series,30:e1:71:0d:e0:67,-83,6, DIRECT-6E-HP DeskJet 3630 series,a0:8c:fd:8c:79:6f,-86,6, giftwizard,a2:6c:ac:a0:3d:eb,-90,3
2017-12-3T8:50:7Z,Lenovo PB2-690Y,32.10445042,35.20953691,689.0,1,Guest,90:6c:ac:a0:18:29,-77,6
2017-12-3T8:50:10Z,Lenovo PB2-690Y,32.10434852,35.20937982,690.0,1,Cartiheal,00:11:6b:2a:90:3c,-92,11
2017-12-3T8:50:13Z,Lenovo PB2-690Y,32.10422459,35.20922057,691.0,10,Ariel_University,1c:b9:c4:15:44:58,-74,11, Ariel_University,34:8f:27:20:89:b8,-78,6, Ariel_University,1c:b9:c4:15:fd:48,-83,1, Ariel_University,1c:b9:c4:15:1c:b8,-83,1, Ariel_University,1c:b9:c4:16:28:e8,-83,1, giftwizard,a2:6c:ac:a0:3d:eb,-84,3, Ariel_University,8c:0c:90:2e:16:88,-87,11, HelpDesk,60:e3:27:7b:e0:98,-88,4, Ariel_University,ec:8c:a2:26:d2:c8,-90,11, Ariel_University,1c:b9:c4:16:06:b8,-90,11
2017-12-3T8:50:16Z,Lenovo PB2-690Y,32.1040974,35.20905491,691.0,3,giftwizard,a2:6c:ac:a0:3d:eb,-77,3, Ariel_University,ec:8c:a2:26:b0:e8,-87,6, EVE,90:6c:ac:a0:7b:4d,-88,11
2017-12-3T8:50:19Z,Lenovo PB2-690Y,32.10393148,35.20893712,691.0,7,Ariel_University,1c:b9:c4:16:28:e8,-75,1, Ariel_University,1c:b9:c4:16:1d:78,-76,1, Ariel_University,1c:b9:c4:15:fd:48,-78,1, outsense,c2:6c:ac:a0:7b:4d,-79,11, ,8c:0c:90:6e:16:88,-83,11, Ariel_University,ec:8c:a2:08:78:c8,-83,6, Ariel_University,1c:b9:c4:16:d2:88,-88,11
2017-12-3T8:50:23Z,Lenovo PB2-690Y,32.1036515,35.20882467,689.0,6,Ariel_University,1c:b9:c4:16:28:e8,-67,1, ,1c:b9:c4:96:28:e7,-73,36, Guest,a2:6c:ac:a0:7b:4d,-85,11, Ariel_University,1c:b9:c4:16:05:38,-87,11, shapedo,c2:6c:ac:9f:fb:1f,-87,1, DIRECT-61-HP DeskJet 3630 series,30:e1:71:0d:e0:63,-90,6
2017-12-3T8:50:25Z,Lenovo PB2-690Y,32.10354981,35.20879798,689.0,6,Ariel_University,ec:8c:a2:08:94:1c,-72,44, Ariel_University,1c:b9:c4:15:23:58,-78,6, Ariel_University,ec:8c:a2:08:94:18,-81,1, Ariel_University,1c:b9:c4:16:d2:88,-83,11, TP-LINK_ADD150,74:ea:3a:ad:d1:50,-86,4, 2.4V1,40:a5:ef:7a:17:f2,-88,1
2017-12-3T8:50:28Z,Lenovo PB2-690Y,32.10341775,35.20876448,690.0,2,Ariel_University,ec:8c:a2:08:94:18,-72,1, Ariel_University,1c:b9:c4:16:13:08,-80,11
2017-12-3T8:50:31Z,Lenovo PB2-690Y,32.103295,35.20877211,691.0,4,Ariel_University,ec:8c:a2:08:94:18,-66,1, Ariel_University,1c:b9:c4:16:d2:88,-77,11, Ariel_University,1c:b9:c4:14:33:c8,-90,11, Ariel_University,1c:b9:c4:16:f4:28,-93,11
2017-12-3T8:50:35Z,Lenovo PB2-690Y,32.1030599,35.20876341,693.0,16,Ariel_University,ec:8c:a2:08:94:18,-60,1, Ariel_University,ec:8c:a2:08:94:1c,-65,44, Ariel_University,ec:8c:a2:08:78:c8,-78,6, Ariel_University,ec:8c:a2:26:d3:68,-79,11, Ariel_University,1c:b9:c4:14:2f:68,-81,6, Ariel_University,1c:b9:c4:15:1c:b8,-83,1, Ariel_University,8c:0c:90:2e:16:88,-84,11, giftwizard,a2:6c:ac:a0:3d:eb,-85,3, Ariel_University,24:79:2a:2c:3d:68,-85,6, Ariel_University,1c:b9:c4:14:33:c8,-85,11
2017-12-3T8:50:37Z,Lenovo PB2-690Y,32.10292153,35.20879817,694.0,7,Ariel_University,1c:b9:c4:14:2f:68,-73,6, Ariel_University,1c:b9:c4:14:33:c8,-78,11, SGH-I337M,ec:9b:f3:26:ab:3a,-79,6, ,8c:0c:90:6e:16:88,-84,11, Ariel_University,1c:b9:c4:16:f4:28,-87,11, Ariel_University,1c:b9:c4:16:1d:78,-88,1, Ariel_University,1c:b9:c4:16:f1:98,-89,11
2017-12-3T8:50:44Z,Lenovo PB2-690Y,32.10242231,35.20892701,693.0,5,Ariel_University,1c:b9:c4:14:33:c8,-73,11, Ariel_University,1c:b9:c4:16:f1:98,-80,11, Ariel_University,1c:b9:c4:16:28:e8,-82,1, Ariel_University,1c:b9:c4:14:2c:18,-82,1, Bezeq Free,62:ab:1b:60:b4:cb,-84,8
2017-12-3T8:50:47Z,Lenovo PB2-690Y,32.10224576,35.20903931,693.0,7,Ariel_University,1c:b9:c4:16:f1:98,-72,11, ,1c:b9:c4:94:2b:d7,-78,36, 036518749,a0:ab:1b:60:b4:ca,-79,8, Ariel_University,1c:b9:c4:16:d2:88,-80,11, ,1c:b9:c4:96:f1:97,-85,60, Ariel_University,1c:b9:c4:16:ed:38,-86,6, Ariel_University,34:8f:27:20:8c:18,-90,6
2017-12-3T8:50:49Z,Lenovo PB2-690Y,32.10216438,35.20915604,693.0,7,Ariel_University,1c:b9:c4:16:f4:28,-77,11, Ariel_University,8c:0c:90:2d:75:e8,-81,1, ,1c:b9:c4:92:7c:c7,-82,36, Ariel_University,1c:b9:c4:12:7c:cc,-82,36, ,1c:b9:c4:96:28:f7,-82,36, ,1c:b9:c4:96:f1:47,-83,36, Ariel_University,1c:b9:c4:15:43:ec,-88,36
2017-12-3T8:50:52Z,Lenovo PB2-690Y,32.10207647,35.20939241,691.0,5,Ariel_University,1c:b9:c4:16:04:78,-77,11, Ariel_University,1c:b9:c4:12:7c:c8,-78,11, Ariel_University,1c:b9:c4:15:3d:58,-78,11, Ariel_University,1c:b9:c4:15:1b:88,-81,11, Ariel_University,1c:b9:c4:15:3a:38,-82,11
2017-12-3T8:50:55Z,Lenovo PB2-690Y,32.10200665,35.20963208,691.0,7,Ariel_University,ec:8c:a2:08:94:18,-64,1, Ariel_University,ec:8c:a2:08:78:c8,-76,6, DIRECT-71-HP DeskJet 3630 series,30:e1:71:0f:a2:72,-76,6, Ariel_University,1c:b9:c4:15:3a:38,-76,11, Ariel_University,1c:b9:c4:15:1b:8c,-87,58, yosh,00:11:6b:11:02:b7,-88,1, Ariel_University,1c:b9:c4:15:1e:68,-90,1
2017-12-3T8:50:58Z,Lenovo PB2-690Y,32.10204308,35.20987516,692.0,5,Ariel_University,1c:b9:c4:16:f4:78,-73,1, 2.4V1,40:a5:ef:7a:17:f2,-77,1, Ariel_University,1c:b9:c4:14:33:cc,-78,48, Ariel_University,1c:b9:c4:14:2f:68,-84,6, Ariel_University,1c:b9:c4:16:f4:7c,-90,36
2017-12-3T8:51:1Z,Lenovo PB2-690Y,32.10216602,35.21005769,692.0,18,Ariel_University,1c:b9:c4:14:33:c8,-72,11, Ariel_University,1c:b9:c4:14:2b:dc,-76,36, Ariel_University,1c:b9:c4:14:2c:18,-78,1, ,1c:b9:c4:94:2b:d7,-78,36, 036518749,a0:ab:1b:60:b4:ca,-79,8, Ariel_University,1c:b9:c4:16:d2:88,-80,11, Bezeq Free,62:ab:1b:60:b4:cb,-80,8, Ariel_University,1c:b9:c4:16:28:f8,-81,6, Ariel_University,1c:b9:c4:16:f1:98,-84,11, ,1c:b9:c4:96:f1:97,-85,60
2017-12-3T8:51:4Z,Lenovo PB2-690Y,32.10235966,35.2100967,691.0,2,Ariel_University,1c:b9:c4:15:1e:68,-82,1, Ariel_University,1c:b9:c4:16:ee:98,-86,6
2017-12-3T8:51:8Z,Lenovo PB2-690Y,32.10261584,35.20996826,689.0,5,lab_6.1.3,c4:12:f5:f6:a0:18,-78,3, Ariel_University,1c:b9:c4:16:ee:98,-79,6, Ariel_University,1c:b9:c4:15:3d:68,-85,6, Ariel_University,1c:b9:c4:14:2c:38,-89,6, Ariel_University,1c:b9:c4:12:af:78,-92,11
2017-12-3T8:51:11Z,Lenovo PB2-690Y,32.10284154,35.20986616,688.0,4,KCG-ADSL,00:1d:aa:81:d8:3c,-71,3, Ariel_University,1c:b9:c4:14:2c:38,-82,6, Ariel_University,1c:b9:c4:12:af:78,-83,11, Ariel_University,1c:b9:c4:14:2c:3c,-84,52
2017-12-3T8:51:24Z,Lenovo PB2-690Y,32.10362711,35.20996453,692.0,17,Ariel_University,1c:b9:c4:12:af:78,-76,11, Ariel_University,1c:b9:c4:16:06:b8,-76,11, Ariel_University,1c:b9:c4:16:ed:38,-77,6, DIRECT-51-HP DeskJet 3630 series,3c:52:82:ef:d4:52,-78,6, Ariel_University,1c:b9:c4:16:ee:98,-79,6, DIRECT-3B-HP DeskJet 3630 series,3c:52:82:ef:c4:3c,-79,6, lab_6.1.3,c4:12:f5:f6:a0:18,-82,3, Ariel_University,1c:b9:c4:15:fd:48,-82,1, yosh,00:11:6b:11:02:b7,-84,1, Ariel_University,1c:b9:c4:16:11:a8,-85,1
2017-12-3T8:51:34Z,Lenovo PB2-690Y,32.10387162,35.21033886,695.0,3,Ariel_University,1c:b9:c4:14:2c:38,-83,6, Ariel_University,1c:b9:c4:14:2c:3c,-84,52, KCG-ADSL,00:1d:aa:81:d8:3c,-93,3
2017-12-3T8:51:39Z,Lenovo PB2-690Y,32.10403005,35.21063188,696.0,1,Ariel_University,24:79:2a:2c:61:68,-83,6
2017-12-3T8:51:42Z,Lenovo PB2-690Y,32.1041076,35.21083187,696.0,3,Ariel_University,8c:0c:90:2d:34:38,-75,11, Ariel_University,24:79:2a:2b:24:98,-81,1, Ariel_University,24:79:2a:2c:5b:d8,-89,1
2017-12-3T8:51:45Z,Lenovo PB2-690Y,32.10415616,35.21102378,696.0,15,Ariel_University,8c:0c:90:2e:e8:18,-60,6, Ariel_University,1c:b9:c4:12:af:78,-76,11, Ariel_University,1c:b9:c4:16:ed:38,-77,6, Ariel_University,1c:b9:c4:16:06:b8,-78,11, Ariel_University,1c:b9:c4:16:ee:98,-79,6, lab_6.1.3,c4:12:f5:f6:a0:18,-82,3, Ariel_University,1c:b9:c4:16:11:a8,-85,1, Ariel_University,1c:b9:c4:15:3d:68,-85,6, Ariel_University,1c:b9:c4:15:ec:38,-87,6, Ariel_University,1c:b9:c4:14:2b:88,-87,11
2017-12-3T8:51:48Z,Lenovo PB2-690Y,32.10419206,35.21116992,694.0,3,Ariel_University,1c:b9:c4:16:e8:f8,-76,11, Ariel_University,1c:b9:c4:16:05:78,-84,6, yosh,00:11:6b:11:7e:0c,-94,1
2017-12-3T8:51:51Z,Lenovo PB2-690Y,32.10423222,35.21132022,692.0,2,Ariel_University,1c:b9:c4:16:e8:f8,-68,11, Ariel_University,1c:b9:c4:15:44:88,-86,6
2017-12-3T8:51:54Z,Lenovo PB2-690Y,32.10430308,35.2114556,693.0,1,Ariel_University,1c:b9:c4:15:44:88,-76,6
2017-12-3T8:51:57Z,Lenovo PB2-690Y,32.10442508,35.21152549,692.0,1,Ariel_University,1c:b9:c4:15:ed:48,-85,1
2017-12-3T8:52:6Z,Lenovo PB2-690Y,32.10478985,35.21149304,690.0,1,Ariel_University,1c:b9:c4:15:ed:48,-78,1
2017-12-3T8:52:12Z,Lenovo PB2-690Y,32.10486785,35.21134874,690.0,1,yosh,00:11:6b:11:7e:0c,-89,1
2017-12-3T8:52:15Z,Lenovo PB2-690Y,32.10487869,35.21132356,689.0,2,Ariel_University,1c:b9:c4:14:2b:c8,-80,6, Ariel_University,1c:b9:c4:16:2b:e8,-84,6
2017-12-3T8:49:40Z,SM-G950F,32.10503273842479,35.21095317722586,718.3536892001315,2,,1c:b9:c4:94:2b:c7,-80,36, Ariel_University,1c:b9:c4:15:44:5c,-91,44
2017-12-3T8:49:48Z,SM-G950F,32.10494482726751,35.210446896260514,717.6172124232385,4,Ariel_University,1c:b9:c4:15:44:5c,-78,44, ,18:d6:c7:ad:25:1a,-89,13, ,00:1a:dd:f5:df:c4,-89,6, ,30:b5:c2:b8:40:36,-91,13
2017-12-3T8:49:52Z,SM-G950F,32.104846262405516,35.21020180858893,717.5984145765906,2,Ariel_University,1c:b9:c4:15:44:58,-82,11, Salomon,90:8d:78:54:6b:4d,-90,1
2017-12-3T8:49:56Z,SM-G950F,32.10473867085457,35.209985129464535,716.9277812105245,5,Ariel_University,1c:b9:c4:16:05:38,-83,11, iagree,b2:6c:ac:9f:fb:1f,-86,1, Ariel_University,1c:b9:c4:16:05:78,-88,6, Afikim_Wifi,00:1a:dd:f5:df:c5,-89,6, yosh,00:11:6b:11:7e:0c,-91,1
2017-12-3T8:50:0Z,SM-G950F,32.10462106012751,35.209764486252794,716.6884425917892,3,Guest,a2:6c:ac:a0:7b:4d,-68,11, iagree,b2:6c:ac:9f:fb:1f,-79,1, Ariel_University,1c:b9:c4:15:25:48,-81,1
2017-12-3T8:50:4Z,SM-G950F,32.10449391461615,35.20953603111685,716.2447290668007,2,Guest,a2:6c:ac:9f:f1:c5,-76,2, yosh,00:11:6b:11:7d:c7,-92,13
2017-12-3T8:50:8Z,SM-G950F,32.10437166591885,35.20934281148898,715.7275487387972,1,Ariel_University,24:79:2a:2c:5b:d8,-88,1
2017-12-3T8:50:12Z,SM-G950F,32.104226423783665,35.20915680737162,714.4320592359226,3,DIRECT-13-HP DeskJet 3630 series,a0:8c:fd:0a:24:56,-81,6, Ariel_University,1c:b9:c4:16:28:e8,-86,1, Ariel_University,1c:b9:c4:15:fd:4c,-88,36
2017-12-3T8:50:16Z,SM-G950F,32.10402815561856,35.20896726048201,712.418648202184,2,Ariel_University,1c:b9:c4:16:28:e8,-80,1, sinusafe,b2:6c:ac:a0:3d:eb,-80,3
2017-12-3T8:50:20Z,SM-G950F,32.10377001820289,35.20885655710274,710.364346402885,6,Ariel_University,1c:b9:c4:15:1c:b8,-84,1, ,1c:b9:c4:96:1d:77,-85,44, ,00:02:6f:b8:c4:1a,-86,11, Ariel_University,ec:8c:a2:08:78:cc,-87,48, Ariel_University,8c:0c:90:2e:16:88,-88,11, Ariel_University,ec:8c:a2:08:94:1c,-91,44
2017-12-3T8:50:24Z,SM-G950F,32.103551324597895,35.20881247875605,709.0815231429351,4,Ariel_University,ec:8c:a2:08:78:cc,-74,48, ,ec:8c:a2:88:94:17,-80,44, Ariel_University,ec:8c:a2:08:94:1c,-81,44, Ariel_University,1c:b9:c4:16:d2:8c,-90,44
2017-12-3T8:50:28Z,SM-G950F,32.10339383194768,35.20880240138362,708.4092187832351,2,Ariel_University,ec:8c:a2:08:94:1c,-63,44, Ariel_University,1c:b9:c4:16:f4:7c,-90,36
2017-12-3T8:50:32Z,SM-G950F,32.1031975832466,35.20879407485474,708.0699008264285,3,,ec:8c:a2:88:94:17,-73,44, Ariel_University,1c:b9:c4:16:f4:28,-88,11, Ariel_University,1c:b9:c4:16:28:f8,-90,6
2017-12-3T8:50:36Z,SM-G950F,32.10293474085022,35.20878314332855,707.5299710413922,5,Ariel_University,1c:b9:c4:16:28:f8,-83,6, Ariel_University,1c:b9:c4:16:f4:7c,-84,36, ,1c:b9:c4:94:2f:67,-84,36, Ariel_University,1c:b9:c4:16:28:e8,-88,1, Ariel_University,ec:8c:a2:26:b1:78,-88,1
2017-12-3T8:50:40Z,SM-G950F,32.10265105623154,35.20882611082573,707.0722987824712,5,Ariel_University,ec:8c:a2:26:b1:78,-68,1, Ariel_University,1c:b9:c4:16:f4:78,-71,1, Ariel_University,1c:b9:c4:16:28:e8,-82,1, Ariel_University,1c:b9:c4:16:f1:98,-84,11, Ariel_University,1c:b9:c4:16:f1:48,-90,1
2017-12-3T8:50:44Z,SM-G950F,32.1023779835877,35.208944700395115,706.7581643171252,4,Ariel_University,1c:b9:c4:16:f1:48,-82,1, Ariel_University,ec:8c:a2:08:94:1c,-83,44, Ariel_University,1c:b9:c4:12:90:b8,-85,11, Ariel_University,ec:8c:a2:08:78:cc,-90,48
2017-12-3T8:50:48Z,SM-G950F,32.10217183746485,35.209144152965806,706.4540122240312,3,,ec:8c:a2:88:94:17,-89,44, Ariel_University,1c:b9:c4:16:f4:28,-90,11, ,1c:b9:c4:92:90:b7,-91,40
2017-12-3T8:50:52Z,SM-G950F,32.1020548547742,35.20946963161734,706.2020218651768,1,Ariel_University,1c:b9:c4:15:3a:38,-81,11
2017-12-3T8:51:9Z,SM-G950F,32.10278596797729,35.20986533526697,707.6596295565242,1,Ariel_University,1c:b9:c4:14:2c:3c,-87,52
2017-12-3T8:51:15Z,SM-G950F,32.103175049966524,35.209756918172246,707.6654777573701,1,Ariel_University,1c:b9:c4:16:06:b8,-86,11
2017-12-3T8:51:18Z,SM-G950F,32.103365387849315,35.20979670648937,707.650666210369,1,Ariel_University,1c:b9:c4:16:06:b8,-80,11
2017-12-3T8:51:21Z,SM-G950F,32.10355494754357,35.20987906576263,707.3284140049902,7,Ariel_University,1c:b9:c4:16:06:b8,-74,11, Ariel_University,1c:b9:c4:16:ed:48,-84,6, Ariel_University,1c:b9:c4:15:1c:b8,-88,1, Ariel_University,8c:0c:90:2e:16:88,-89,11, ,1c:b9:c4:96:f1:57,-89,52, Ariel_University,1c:b9:c4:16:f1:5c,-89,52, Ariel_University,1c:b9:c4:12:90:b8,-92,11
2017-12-3T8:51:24Z,SM-G950F,32.103665582323785,35.20994415114236,707.2216838826554,1,DIRECT-51-HP DeskJet 3630 series,3c:52:82:ef:d4:52,-80,6
2017-12-3T8:51:27Z,SM-G950F,32.103734913935256,35.21002905228752,706.8611316934134,1,Ariel_University,1c:b9:c4:16:1d:78,-89,1
2017-12-3T8:51:30Z,SM-G950F,32.10380112623249,35.21013448090401,706.251286834923,2,,00:27:22:f3:bb:2b,-88,6, Ariel_University,24:79:2a:2c:5c:1c,-89,36
2017-12-3T8:51:33Z,SM-G950F,32.103884893856794,35.210268134923716,705.5511473974714,2,Ariel_University,1c:b9:c4:15:fd:4c,-89,36, KCG-ADSL,00:1d:aa:81:d8:3c,-90,3
2017-12-3T8:51:36Z,SM-G950F,32.103986543611605,35.21044402294606,705.1048860032018,3,Ariel_University,24:79:2a:2c:5c:18,-79,11, Ariel_University,24:79:2a:2c:5b:d8,-85,1, ,24:79:2a:ac:5c:17,-91,36
2017-12-3T8:51:39Z,SM-G950F,32.10406637837736,35.21063207786472,704.8039142370221,1,,24:79:2a:ab:24:97,-86,36
2017-12-3T8:51:42Z,SM-G950F,32.10413712623305,35.21082446017363,704.7212452331758,2,Bezeq-N_0777b8,c8:be:19:07:77:b9,-88,11, Ariel_University,24:79:2a:2c:61:6c,-92,36
2017-12-3T8:51:45Z,SM-G950F,32.104179510720556,35.21101031718229,704.7236120786513,2,Ariel_University,1c:b9:c4:15:ed:38,-75,6, Ariel_University,1c:b9:c4:16:06:b8,-91,11
2017-12-3T8:51:57Z,SM-G950F,32.10446847374926,35.211472211240284,706.1056553702892,1,,1c:b9:c4:95:44:87,-86,36
2017-12-3T8:52:6Z,SM-G950F,32.10481497743872,35.21141389641271,706.3324731884454,1,Ariel_University,1c:b9:c4:15:44:58,-89,11
2017-12-3T8:52:9Z,SM-G950F,32.10485373859613,35.21134141380752,706.3035005147806,2,Ariel_University,1c:b9:c4:16:05:78,-88,6, yosh,00:11:6b:11:7d:c7,-92,13
2017-12-3T8:53:29Z,SM-G950F,32.10502180505623,35.21080445017316,732.3361104614158,2,Ariel_University,1c:b9:c4:16:05:78,-78,6, Ariel_University,1c:b9:c4:16:2d:e8,-92,11
2017-12-3T8:53:32Z,SM-G950F,32.10500889691397,35.21064030921741,730.0477612138444,2,Ariel_University,1c:b9:c4:16:2d:e8,-87,11, Ariel_University,1c:b9:c4:55:fd:e8,-89,11
2017-12-3T8:53:35Z,SM-G950F,32.104965114154524,35.21047404826016,729.0692564015283,1,Ariel_University,1c:b9:c4:15:44:58,-67,11
2017-12-3T8:53:38Z,SM-G950F,32.10489905072378,35.210299329219126,727.8274746268628,3,yosh,00:11:6b:11:7d:c7,-84,13, paysday,b2:6c:ac:9f:f1:c5,-90,2, Ariel_University,1c:b9:c4:15:44:88,-91,6
2017-12-3T8:53:41Z,SM-G950F,32.10481856308317,35.210123150849206,726.1049342872047,3,sinusafe,b2:6c:ac:a0:3d:eb,-90,3, Ariel_University,24:c9:a1:36:52:d8,-90,1, Ariel_University,1c:b9:c4:16:05:7c,-91,36
2017-12-3T8:53:44Z,SM-G950F,32.10473044157858,35.20995225182547,724.3057769641853,4,,8c:0c:90:6f:36:58,-74,1, Ariel_University,1c:b9:c4:15:20:38,-82,11, Guest,90:6c:ac:a0:3d:eb,-88,3, Ariel_University,1c:b9:c4:15:42:68,-90,11
2017-12-3T8:53:47Z,SM-G950F,32.10465583147739,35.209799109729424,721.9074685803262,7,EVE,90:6c:ac:a0:7b:55,-73,52, magneto,b2:6c:ac:a0:7b:55,-73,52, Guest,a2:6c:ac:a0:7b:55,-73,52, outsense,c2:6c:ac:a0:7b:55,-73,52, giftwizard,a2:6c:ac:a0:3d:eb,-77,3, Guest,90:6c:ac:a0:60:55,-82,36, Ariel_University,1c:b9:c4:16:05:78,-89,6
2017-12-3T8:53:50Z,SM-G950F,32.10457226286324,35.20965432483015,720.8507320031981,1,incentive2,a2:6c:ac:a0:60:55,-82,36
2017-12-3T8:53:53Z,SM-G950F,32.10446828966538,35.20949411679525,720.3330866351894,1,,24:79:2a:ac:5b:d7,-82,36
2017-12-3T8:53:56Z,SM-G950F,32.10436740344072,35.20935377518998,719.6690044079556,4,paysday,b2:6c:ac:9f:f1:c5,-82,2, sinusafe,b2:6c:ac:a0:3d:eb,-83,3, Ariel_University,24:79:2a:2c:5b:d8,-86,1, Ariel_University,1c:b9:c4:15:44:58,-87,11
2017-12-3T8:54:2Z,SM-G950F,32.10413218735365,35.20905188803037,718.130579391561,3,DIRECT-64-HP DeskJet 3630 series,30:e1:71:0d:e0:65,-83,6, ,00:27:22:f3:bb:2b,-89,6, Ariel_University,1c:b9:c4:15:fd:4c,-91,36
2017-12-3T8:54:5Z,SM-G950F,32.10399213895527,35.20892516179553,717.3308012072607,4,Guest,90:6c:ac:a0:3d:eb,-78,3, Ariel_University,1c:b9:c4:16:1d:78,-88,1, Ariel_University,1c:b9:c4:15:fd:48,-89,1, ,1c:b9:c4:95:fd:47,-91,36
2017-12-3T8:54:8Z,SM-G950F,32.103845290904864,35.20883678809517,716.589789863889,6,Ariel_University,1c:b9:c4:16:1d:78,-82,1, Ariel_University,1c:b9:c4:16:28:e8,-82,1, Ariel_University,ec:8c:a2:08:78:c8,-82,6, Ariel_University,1c:b9:c4:15:1c:b8,-87,1, Ariel_University,8c:0c:90:2e:16:88,-88,11, Ariel_University,ec:8c:a2:08:78:cc,-90,48
2017-12-3T8:54:11Z,SM-G950F,32.103685892672544,35.208767136675725,715.7812869411425,6,Ariel_University,1c:b9:c4:16:28:e8,-73,1, giftwizard,a2:6c:ac:a0:3d:eb,-80,3, Ariel_University,ec:8c:a2:08:78:cc,-82,48, Ariel_University,ec:8c:a2:08:94:1c,-89,44, Ariel_University,1c:b9:c4:16:d2:88,-90,11, Ariel_University,1c:b9:c4:16:05:3c,-91,36
2017-12-3T8:54:15Z,SM-G950F,32.10350596584563,35.20873100969529,714.6442020539312,1,Ariel_University,ec:8c:a2:08:94:1c,-77,44
2017-12-3T8:54:18Z,SM-G950F,32.10338760360969,35.208713534490634,714.0957631414908,2,Ariel_University,ec:8c:a2:08:94:1c,-66,44, Ariel_University,1c:b9:c4:16:d2:88,-84,11
2017-12-3T8:54:21Z,SM-G950F,32.10324731749961,35.2087056702681,713.7948812550987,2,,ec:8c:a2:88:94:17,-73,44, Ariel_University,1c:b9:c4:12:90:b8,-77,11
2017-12-3T8:54:24Z,SM-G950F,32.10306970789111,35.20869281169113,713.5503324389722,6,Ariel_University,ec:8c:a2:08:78:cc,-75,48, ,8c:0c:90:6e:16:88,-88,11, ,8c:0c:90:ae:16:83,-89,11, Ariel_University,1c:b9:c4:16:28:fc,-89,36, Ariel_University,1c:b9:c4:14:33:cc,-89,48, Ariel_University,1c:b9:c4:16:f4:2c,-89,44
2017-12-3T8:54:27Z,SM-G950F,32.10287774131209,35.208700534178675,713.2883630331472,2,AUC_4_2_24,d8:5d:4c:9e:69:22,-88,1, Ariel_University,1c:b9:c4:16:f1:58,-91,6
2017-12-3T8:54:29Z,SM-G950F,32.10268330356668,35.20874832953735,712.8739433774451,8,Ariel_University,1c:b9:c4:16:04:7c,-81,60, Ariel_University,1c:b9:c4:15:43:e8,-82,1, Ariel_University,1c:b9:c4:16:11:ac,-83,44, Ariel_University,1c:b9:c4:14:33:cc,-84,48, ,1c:b9:c4:96:11:a7,-86,44, Ariel_University,1c:b9:c4:15:43:ec,-86,36, Ariel_University,1c:b9:c4:16:28:e8,-87,1, Ariel_University,ec:8c:a2:08:78:c8,-91,6
2017-12-3T8:54:32Z,SM-G950F,32.10248349693177,35.20882098023788,712.5622133859032,4,Ariel_University,1c:b9:c4:14:2c:18,-75,1, Bezeq Free,62:ab:1b:60:b4:cb,-79,8, Ariel_University,1c:b9:c4:16:28:fc,-83,36, Ariel_University,1c:b9:c4:16:d2:8c,-91,44
2017-12-3T8:54:35Z,SM-G950F,32.102306008088725,35.20894833872961,712.0812442120173,4,Ariel_University,1c:b9:c4:16:28:fc,-78,36, Ariel_University,1c:b9:c4:16:d2:88,-83,11, Ariel_University,ec:8c:a2:08:94:1c,-86,44, DIRECT-F4-HP DeskJet 3630 series,a0:8c:fd:0a:d5:f5,-88,6
2017-12-3T8:54:38Z,SM-G950F,32.10216742643086,35.20912758057626,711.6719403591604,3,DIRECT-F4-HP DeskJet 3630 series,a0:8c:fd:0a:d5:f5,-78,6, ,ec:8c:a2:88:94:17,-79,44, Ariel_University,1c:b9:c4:12:90:b8,-88,11
2017-12-3T8:54:41Z,SM-G950F,32.10207320500919,35.20935994177384,711.4780122900404,1,DIRECT-F4-HP DeskJet 3630 series,a0:8c:fd:0a:d5:f5,-73,6
2017-12-3T8:54:44Z,SM-G950F,32.101997980514675,35.209597457893295,711.4134449254664,3,Ariel_University,1c:b9:c4:15:3a:38,-74,11, Ariel_University,ec:8c:a2:08:94:18,-88,1, Ariel_University,1c:b9:c4:16:f4:2c,-89,44
2017-12-3T8:54:47Z,SM-G950F,32.10200719843995,35.20982393747779,711.2589858836142,4,Ariel_University,1c:b9:c4:16:11:ac,-86,44, ,1c:b9:c4:95:3d:57,-87,36, Ariel_University,1c:b9:c4:16:04:7c,-88,60, Bezeq Free,62:ab:1b:60:b4:cb,-89,8
2017-12-3T8:54:50Z,SM-G950F,32.10212375575529,35.20998627925355,711.0668172295032,4,2.4V1,40:a5:ef:7a:17:f2,-83,1, Ariel_University,1c:b9:c4:16:f1:98,-89,11, GuyEmily,14:ae:db:4f:50:75,-90,6, Ariel_University,1c:b9:c4:16:f1:48,-91,1
2017-12-3T8:54:53Z,SM-G950F,32.10226284021996,35.210044718174366,711.1303125337995,2,KCG-ADSL,00:1d:aa:81:d8:3c,-86,3, Bezeq,84:c9:b2:b7:c8:2d,-93,6
2017-12-3T8:54:59Z,SM-G950F,32.1025486610012,35.20996851075987,711.2888192323716,1,Ariel_University,1c:b9:c4:16:ed:3c,-91,44
2017-12-3T8:55:2Z,SM-G950F,32.1026554440775,35.209929794710376,711.3995141784173,1,KCG-ADSL,00:1d:aa:81:d8:3c,-70,3
2017-12-3T8:55:5Z,SM-G950F,32.10274349276243,35.20988989496307,711.4086385346255,1,,1c:b9:c4:94:2c:37,-90,52
2017-12-3T8:55:8Z,SM-G950F,32.10283930401902,35.20984276199768,711.4568318586048,1,Ariel_University,1c:b9:c4:16:ed:3c,-84,44
2017-12-3T8:55:14Z,SM-G950F,32.103082355721654,35.20974940285894,712.6422598200259,1,Ariel_University,1c:b9:c4:14:30:3c,-86,44
2017-12-3T8:55:17Z,SM-G950F,32.10322293336384,35.20972300838807,713.0566900620338,1,Ariel_University,1c:b9:c4:16:11:a8,-83,1
2017-12-3T8:55:20Z,SM-G950F,32.103395564328366,35.20974796887944,713.4795308224562,7,Ariel_University,1c:b9:c4:16:06:b8,-81,11, ,8c:0c:90:ae:16:83,-85,11, Ariel_University,1c:b9:c4:12:90:b8,-86,11, ,8c:0c:90:6e:16:88,-88,11, AUC_4_2_24,d8:5d:4c:9e:69:22,-89,1, ,1c:b9:c4:92:90:b7,-90,40, Ariel_University,1c:b9:c4:12:90:bc,-90,40
2017-12-3T8:55:23Z,SM-G950F,32.103564232675964,35.20981904457559,713.6839622482627,4,Ariel_University,1c:b9:c4:15:fd:48,-80,1, Ariel_University,1c:b9:c4:16:f1:58,-83,6, DIRECT-61-HP DeskJet 3630 series,30:e1:71:0d:e0:63,-85,6, Ariel_University,1c:b9:c4:16:f4:7c,-89,36
2017-12-3T8:55:26Z,SM-G950F,32.10370486097554,35.20992434369667,713.7487195639909,5,Ariel_University,1c:b9:c4:16:06:b8,-73,11, Ariel_University,8c:0c:90:2e:16:88,-87,11, Ariel_University,1c:b9:c4:15:1c:b8,-88,1, Ariel_University,1c:b9:c4:16:f4:78,-88,1, KCG-ADSL,00:1d:aa:81:d8:3c,-89,3
2017-12-3T8:55:30Z,SM-G950F,32.10387725990103,35.21019564410854,712.9489598132751,5,Ariel_University,1c:b9:c4:16:06:b8,-68,11, Ariel_University,1c:b9:c4:16:ed:3c,-87,44, DIRECT-13-HP DeskJet 3630 series,a0:8c:fd:0a:24:56,-87,6, Ariel_University,1c:b9:c4:16:1d:78,-87,1, Ariel_University,1c:b9:c4:15:fd:4c,-90,36
2017-12-3T8:55:33Z,SM-G950F,32.103997291803374,35.2104070310357,712.0570703608391,1,Ariel_University,24:79:2a:2c:5b:d8,-88,1
2017-12-3T8:55:36Z,SM-G950F,32.10407357124062,35.21064401335646,711.2913729341242,1,Ariel_University,24:79:2a:2c:5b:dc,-89,36
2017-12-3T8:55:42Z,SM-G950F,32.10418948012704,35.210997665501345,710.3077738290557,1,,1c:b9:c4:95:41:77,-77,44
2017-12-3T8:55:45Z,SM-G950F,32.10423038515842,35.21119658271441,710.2634779639168,2,yosh,00:11:6b:11:7e:0c,-89,1, Ariel_University,1c:b9:c4:16:06:b8,-90,11
2017-12-3T8:55:48Z,SM-G950F,32.10428940256148,35.211402560946375,710.8482244560361,2,Ariel_University,1c:b9:c4:15:44:88,-86,6, BezeqNGN_009030_2.4GHz_1,3c:1e:04:05:5f:f5,-92,1
2017-12-3T8:56:3Z,SM-G950F,32.10494660430459,35.211386060166404,710.9988845772701,1,Ariel_University,1c:b9:c4:15:42:68,-92,11
2017-12-3T8:57:43Z,Lenovo PB2-690Y,32.10400645,35.20898419,689.0,17,artsim,a2:6c:ac:a0:18:29,-75,6, Ariel_University,1c:b9:c4:15:ed:48,-80,1, Ariel_University,ec:8c:a2:08:79:a8,-80,6, Guest,a2:6c:ac:a0:7b:4d,-80,11, Ariel_University,1c:b9:c4:14:2b:c8,-82,6, Ariel_University,1c:b9:c4:16:2b:e8,-83,6, Ariel_University,1c:b9:c4:15:44:88,-84,6, Ariel_University,1c:b9:c4:15:42:68,-85,11, Ariel_University,24:79:2a:2c:5b:d8,-85,1, Ariel_University,1c:b9:c4:15:44:58,-86,11
2017-12-3T8:57:50Z,Lenovo PB2-690Y,32.10353473,35.20878248,688.0,16,Ariel_University,1c:b9:c4:14:62:48,-73,11, Ariel_University,1c:b9:c4:16:28:e8,-73,1, TP-LINK_ADD150,74:ea:3a:ad:d1:50,-75,4, Ariel_University,ec:8c:a2:08:94:18,-75,1, outsense,c2:6c:ac:a0:7b:4d,-77,11, Ariel_University,ec:8c:a2:08:78:c8,-78,6, EVE,90:6c:ac:a0:7b:4d,-80,11, HP-Print-30-Officejet 7610,d0:bf:9c:db:31:30,-81,6, ,ec:8c:a2:88:78:c7,-82,48, incentive2,a2:6c:ac:a0:60:4d,-83,1
2017-12-3T8:57:58Z,Lenovo PB2-690Y,32.10312609,35.20874127,689.0,10,Ariel_University,ec:8c:a2:08:94:18,-69,1, Guest,90:6c:ac:a0:18:29,-77,6, Ariel_University,1c:b9:c4:16:d2:88,-78,11, Ariel_University,34:8f:27:20:89:b8,-80,6, AndroidAP,c0:bd:d1:d5:8c:55,-80,6, Ariel_University,1c:b9:c4:12:90:b8,-84,11, Ariel_University,1c:b9:c4:16:f4:78,-84,1, restore,b2:6c:ac:a0:18:29,-85,6, HelpDesk,f8:d1:11:77:77:c6,-88,4, Ariel_University,1c:b9:c4:16:28:f8,-89,6
2017-12-3T8:58:13Z,Lenovo PB2-690Y,32.10207407,35.20936037,690.0,36,Ariel_University,1c:b9:c4:14:2b:d8,-63,1, sinusafe,b2:6c:ac:a0:3d:eb,-72,3, Ariel_University,1c:b9:c4:14:62:48,-73,11, Ariel_University,1c:b9:c4:16:28:e8,-73,1, artsim,a2:6c:ac:a0:18:29,-75,6, TP-LINK_ADD150,74:ea:3a:ad:d1:50,-75,4, Ariel_University,ec:8c:a2:08:78:c8,-75,6, Guest,90:6c:ac:a0:18:29,-77,6, outsense,c2:6c:ac:a0:7b:4d,-77,11, magneto,b2:6c:ac:a0:7b:4d,-78,11
2017-12-3T8:58:28Z,Lenovo PB2-690Y,32.1026481,35.21000144,699.0,13,Guest,90:6c:ac:a0:3d:eb,-73,3, giftwizard,a2:6c:ac:a0:3d:eb,-73,3, lab_6.1.3,c4:12:f5:f6:a0:18,-77,3, Ariel_University,1c:b9:c4:16:05:38,-80,11, Ariel_University,ec:8c:a2:08:78:cc,-81,48, KCG-ADSL,00:1d:aa:81:d8:3c,-82,3, Ariel_University,8c:0c:90:2d:75:e8,-83,1, Ariel_University,8c:0c:90:2e:16:88,-84,11, Ariel_University,1c:b9:c4:12:7c:c8,-86,11, Ariel_University,34:8f:27:20:8c:18,-89,6
2017-12-3T8:58:43Z,Lenovo PB2-690Y,32.10312585,35.20969029,704.0,27,Ariel_University,1c:b9:c4:14:2b:d8,-63,1, Ariel_University,1c:b9:c4:16:28:e8,-73,1, Ariel_University,ec:8c:a2:08:78:c8,-75,6, Ariel_University,1c:b9:c4:16:d2:88,-78,11, AndroidAP,c0:bd:d1:d5:8c:55,-80,6, Ariel_University,1c:b9:c4:16:f1:98,-81,11, Ariel_University,1c:b9:c4:15:3d:58,-81,11, Ariel_University,1c:b9:c4:15:ed:78,-81,6, ,ec:8c:a2:88:78:c7,-82,48, Ariel_University,1c:b9:c4:16:04:78,-82,11
2017-12-3T8:58:58Z,Lenovo PB2-690Y,32.10310566,35.20972235,703.0,1,Ariel_University,1c:b9:c4:16:06:b8,-87,11
2017-12-3T8:59:52Z,Lenovo PB2-690Y,32.10302065,35.20964251,704.0,2,Ariel_University,1c:b9:c4:16:ed:38,-77,6, Ariel_University,1c:b9:c4:14:30:38,-87,1
2017-12-3T9:0:33Z,Lenovo PB2-690Y,32.10301046,35.2096224,701.0,9,Ariel_University,1c:b9:c4:12:af:78,-67,11, DIRECT-3B-HP DeskJet 3630 series,3c:52:82:ef:c4:3c,-68,6, Ariel_University,1c:b9:c4:16:ed:38,-71,6, KCG-ADSL,00:1d:aa:81:d8:3c,-75,3, Ariel_University,1c:b9:c4:16:f1:58,-77,6, Ariel_University,1c:b9:c4:14:30:38,-80,1, ,1c:b9:c4:96:f1:57,-82,52, Ariel_University,1c:b9:c4:16:f1:5c,-82,52, Ariel_University,1c:b9:c4:15:fd:48,-84,1
2017-12-3T9:0:52Z,Lenovo PB2-690Y,32.10300798,35.20960868,699.0,1,Ariel_University,1c:b9:c4:14:30:3c,-88,44
2017-12-3T9:1:13Z,Lenovo PB2-690Y,32.10300921,35.2096084,701.0,3,OOP_course,e4:95:6e:40:87:1a,-20,1, Ariel_University,1c:b9:c4:12:af:7c,-76,40, ,00:02:6f:8e:64:67,-90,1
2017-12-3T9:1:34Z,Lenovo PB2-690Y,32.10300972,35.20960848,701.0,2,Ariel_University,1c:b9:c4:16:ed:3c,-88,44, Ariel_University,1c:b9:c4:15:ec:3c,-91,36
2017-12-3T9:1:43Z,Lenovo PB2-690Y,32.10300972,35.20960852,701.0,1,,1c:b9:c4:92:af:77,-83,40
2017-12-3T9:2:19Z,Lenovo PB2-690Y,32.10302095,35.20962475,701.0,3,,1c:b9:c4:96:ed:37,-77,44, Ariel_University,1c:b9:c4:16:ed:3c,-79,44, Ariel_University,1c:b9:c4:16:06:b8,-80,11
2017-12-3T9:2:25Z,Lenovo PB2-690Y,32.10302692,35.20965794,700.0,1,Ariel_University,1c:b9:c4:14:2b:88,-78,11
2017-12-3T9:2:30Z,Lenovo PB2-690Y,32.10302142,35.209667,701.0,1,Ariel_University,1c:b9:c4:15:1c:b8,-89,1
2017-12-3T9:2:40Z,Lenovo PB2-690Y,32.10306719,35.20972615,700.0,1,Ariel_University,1c:b9:c4:15:1c:b8,-81,1
2017-12-3T9:2:45Z,Lenovo PB2-690Y,32.1030965,35.20972448,699.0,1,Ariel_University,1c:b9:c4:14:2c:38,-82,6
2017-12-3T9:2:57Z,Lenovo PB2-690Y,32.10325729,35.20974085,700.0,1,IT-MNG,1c:b9:c4:15:ed:b8,-88,1
2017-12-3T9:3:3Z,Lenovo PB2-690Y,32.10331588,35.20979195,700.0,1,Ariel_University,1c:b9:c4:16:06:b8,-71,11
2017-12-3T9:3:9Z,Lenovo PB2-690Y,32.10339504,35.2098035,701.0,7,AUC_4_2_24,d8:5d:4c:9e:69:22,-75,1, Ariel_University,8c:0c:90:2e:16:88,-79,11, Onicom,c0:4a:00:71:ee:ee,-81,9, Ariel_University,1c:b9:c4:16:e5:a8,-81,6, DIRECT-13-HP DeskJet 3630 series,a0:8c:fd:0a:24:56,-83,6, Ariel_University,1c:b9:c4:16:06:bc,-86,48, Ariel_University,24:79:2a:2b:bd:88,-89,11
2017-12-3T9:3:15Z,Lenovo PB2-690Y,32.10336815,35.20977885,700.0,2,,1c:b9:c4:95:fd:47,-88,36, Ariel_University,1c:b9:c4:15:fd:4c,-89,36
2017-12-3T9:3:21Z,Lenovo PB2-690Y,32.10326914,35.2097536,700.0,1,Ariel_University,1c:b9:c4:16:ed:48,-87,6
2017-12-3T9:3:33Z,Lenovo PB2-690Y,32.10309976,35.20971701,698.0,1,KCG-ADSL,00:1d:aa:81:d8:3c,-69,3
2017-12-3T9:3:50Z,Lenovo PB2-690Y,32.10300864,35.20964577,698.0,1,Ariel_University,1c:b9:c4:16:f1:58,-72,6
2017-12-3T9:3:53Z,Lenovo PB2-690Y,32.10298958,35.20965373,700.0,4,Ariel_University,1c:b9:c4:14:2b:88,-72,11, Ariel_University,1c:b9:c4:14:30:3c,-80,44, Ariel_University,1c:b9:c4:15:ec:3c,-84,36, ,1c:b9:c4:95:ec:37,-84,36
2017-12-3T9:3:58Z,Lenovo PB2-690Y,32.10292495,35.20969313,702.0,6,DIRECT-3B-HP DeskJet 3630 series,3c:52:82:ef:c4:3c,-61,6, Ariel_University,1c:b9:c4:15:ec:38,-67,6, Ariel_University,1c:b9:c4:16:ed:3c,-71,44, Ariel_University,1c:b9:c4:14:30:38,-73,1, ,1c:b9:c4:95:ec:37,-79,36, ,1c:b9:c4:94:30:37,-81,44
2017-12-3T9:4:4Z,Lenovo PB2-690Y,32.10285414,35.20973329,702.0,2,Ariel_University,1c:b9:c4:14:30:38,-65,1, Ariel_University,1c:b9:c4:15:ec:3c,-78,36
2017-12-3T9:4:6Z,Lenovo PB2-690Y,32.10283172,35.20974988,704.0,1,KCG-ADSL,00:1d:aa:81:d8:3c,-64,3
2017-12-3T9:4:14Z,Lenovo PB2-690Y,32.1027222,35.20982947,700.0,3,Ariel_University,1c:b9:c4:14:2c:38,-77,6, ,1c:b9:c4:94:2c:37,-80,52, Ariel_University,1c:b9:c4:14:2c:3c,-80,52
2017-12-3T9:4:20Z,Lenovo PB2-690Y,32.10266129,35.20988707,696.0,1,Ariel_University,1c:b9:c4:14:2c:38,-70,6
2017-12-3T9:4:26Z,Lenovo PB2-690Y,32.10261559,35.20995369,698.0,2,Ariel_University,1c:b9:c4:16:ee:98,-73,6, Ariel_University,1c:b9:c4:15:3d:68,-78,6
2017-12-3T9:4:32Z,Lenovo PB2-690Y,32.102646,35.209928,699.0,1,Ariel_University,1c:b9:c4:15:3d:6c,-87,44
2017-12-3T9:4:44Z,Lenovo PB2-690Y,32.10277422,35.20985048,689.0,1,DIRECT-61-HP DeskJet 3630 series,30:e1:71:0d:e0:63,-91,6
2017-12-3T9:5:21Z,Lenovo PB2-690Y,32.10316878,35.2097271,702.0,1,Ariel_University,1c:b9:c4:15:fd:48,-79,1
2017-12-3T9:5:27Z,Lenovo PB2-690Y,32.10324284,35.20974432,704.0,1,DIRECT-61-HP DeskJet 3630 series,30:e1:71:0d:e0:63,-79,6
2017-12-3T9:5:39Z,Lenovo PB2-690Y,32.10339224,35.20978577,704.0,2,Ariel_University,1c:b9:c4:16:f1:5c,-77,52, IT-MNG,1c:b9:c4:15:ed:b8,-82,1
2017-12-3T9:5:45Z,Lenovo PB2-690Y,32.10346602,35.2098239,704.0,1,DIRECT-13-HP DeskJet 3630 series,a0:8c:fd:0a:24:56,-76,6
2017-12-3T9:5:51Z,Lenovo PB2-690Y,32.10353221,35.20987906,705.0,1,Ariel_University,1c:b9:c4:16:ed:48,-81,6
2017-12-3T9:5:57Z,Lenovo PB2-690Y,32.10360427,35.20993338,705.0,2,DIRECT-8A-HP DeskJet 3630 series,3c:52:82:ef:a4:8b,-80,6, Ariel_University,24:79:2a:2c:5b:d8,-88,1
2017-12-3T9:6:11Z,Lenovo PB2-690Y,32.10374478,35.21009987,707.0,4,Ariel_University,1c:b9:c4:16:06:bc,-75,48, Ariel_University,24:79:2a:2b:bd:88,-83,11, Ariel_University,24:79:2a:2b:07:b8,-85,11, Ariel_University,24:79:2a:2c:5c:18,-85,11
2017-12-3T9:6:21Z,Lenovo PB2-690Y,32.10383605,35.21021258,708.0,6,Ariel_University,1c:b9:c4:16:06:bc,-67,48, Ariel_University,24:79:2a:2c:5b:d8,-82,1, Ariel_University,24:79:2a:2b:bd:8c,-83,44, ,24:79:2a:ab:bd:87,-84,44, Ariel_University,1c:b9:c4:16:1d:78,-87,1, KCG-ADSL,00:1d:aa:81:d8:3c,-93,3
2017-12-3T9:6:23Z,Lenovo PB2-690Y,32.10385068,35.2102363,707.0,1,HelpDesk,60:e3:27:7b:e0:98,-87,4
2017-12-3T9:6:27Z,Lenovo PB2-690Y,32.1038636,35.21027619,710.0,2,Ariel_University,1c:b9:c4:15:41:78,-88,1, Ariel_University,1c:b9:c4:16:e8:f8,-90,11
2017-12-3T9:6:31Z,Lenovo PB2-690Y,32.10384447,35.21022668,708.0,5,Ariel_University,24:79:2a:2b:bd:88,-74,11, HelpDesk,60:e3:27:7b:e0:98,-79,4, Ariel_University,1c:b9:c4:16:1d:78,-79,1, Ariel_University,1c:b9:c4:15:ed:38,-81,6, Ariel_University,24:79:2a:2b:07:bc,-87,36
2017-12-3T9:6:35Z,Lenovo PB2-690Y,32.10381301,35.21016707,708.0,7,Ariel_University,1c:b9:c4:16:06:b8,-63,11, Ariel_University,24:79:2a:2c:5c:18,-65,11, ,1c:b9:c4:96:06:b7,-74,48, Ariel_University,24:79:2a:2c:5c:1c,-76,36, Ariel_University,24:79:2a:2b:07:b8,-80,11, Ariel_University,24:79:2a:2b:02:78,-80,6, Ariel_University,24:79:2a:2c:5b:dc,-86,36
2017-12-3T9:6:43Z,Lenovo PB2-690Y,32.10373405,35.21006524,704.0,1,Ariel_University,1c:b9:c4:16:1d:7c,-89,44
2017-12-3T9:6:51Z,Lenovo PB2-690Y,32.103659,35.20995718,704.0,1,DIRECT-51-HP DeskJet 3630 series,3c:52:82:ef:d4:52,-72,6
2017-12-3T9:7:13Z,Lenovo PB2-690Y,32.1034255,35.20978696,702.0,3,Ariel_University,1c:b9:c4:15:1c:b8,-75,1, Ariel_University,1c:b9:c4:16:e5:a8,-76,6, IT-MNG,1c:b9:c4:15:ed:bc,-85,48
2017-12-3T9:7:28Z,Lenovo PB2-690Y,32.10327032,35.20977545,702.0,1,Ariel_University,1c:b9:c4:12:90:bc,-86,40
2017-12-3T9:8:14Z,Lenovo PB2-690Y,32.10294016,35.20970331,702.0,1,Ariel_University,1c:b9:c4:12:af:78,-60,11
2017-12-3T9:8:21Z,Lenovo PB2-690Y,32.10283849,35.20974618,701.0,1,Ariel_University,1c:b9:c4:16:ed:38,-62,6
2017-12-3T9:8:22Z,Lenovo PB2-690Y,32.1028277,35.20975138,702.0,1,KCG-ADSL,00:1d:aa:81:d8:3c,-64,3
2017-12-3T9:8:45Z,Lenovo PB2-690Y,32.10254921,35.20997646,699.0,1,Ariel_University,1c:b9:c4:16:ee:9c,-86,36
2017-12-3T9:8:57Z,Lenovo PB2-690Y,32.10239413,35.21004364,698.0,1,lab_6.1.3,c4:12:f5:f6:a0:18,-72,3
2017-12-3T9:9:3Z,Lenovo PB2-690Y,32.10231912,35.21006414,699.0,1,Ariel_University,1c:b9:c4:15:1c:b8,-92,1
2017-12-3T9:9:13Z,Lenovo PB2-690Y,32.10229579,35.2100555,694.0,1,Bezeq,84:c9:b2:b7:c8:2d,-93,6
2017-12-3T9:9:38Z,Lenovo PB2-690Y,32.10273382,35.20986429,694.0,3,,1c:b9:c4:94:2c:37,-74,52, Ariel_University,1c:b9:c4:14:2c:3c,-75,52, Ariel_University,1c:b9:c4:15:1c:b8,-84,1
